source_id	subject_id	session_id	bold_num	t1w_num	t2w_num	bold_size	t1w_size	bold_duration_total	bold_duration_mean	bold_voxels_total	bold_voxels_mean	datatypes
ds003592	sub-01	ses-1	3	1	0	191008629	8457479	1836.0	612.0	715392	238464.0	anat,func
ds003592	sub-01	ses-2	3	0	0	190391538	0	1836.0	612.0	715392	238464.0	func
ds003592	sub-02	ses-1	3	1	0	183446972	7893594	1836.0	612.0	715392	238464.0	anat,func
ds003592	sub-02	ses-2	3	0	0	183024064	0	1836.0	612.0	715392	238464.0	func
ds003592	sub-03	ses-1	3	1	0	199680275	9862514	1836.0	612.0	715392	238464.0	anat,func
ds003592	sub-03	ses-2	3	0	0	199423446	0	1836.0	612.0	715392	238464.0	func
ds003592	sub-04	ses-1	3	1	0	201695243	10737695	1836.0	612.0	715392	238464.0	anat,func
ds003592	sub-04	ses-2	3	0	0	201053719	0	1836.0	612.0	715392	238464.0	func
ds003592	sub-05	ses-1	3	1	0	194832038	9691225	1836.0	612.0	715392	238464.0	anat,func
ds003592	sub-05	ses-2	3	0	0	194061554	0	1836.0	612.0	715392	238464.0	func
ds003592	sub-06	ses-1	3	1	0	186367259	8342249	1836.0	612.0	715392	238464.0	anat,func
ds003592	sub-06	ses-2	3	0	0	186366688	0	1836.0	612.0	715392	238464.0	func
ds003592	sub-07	ses-1	3	1	0	187434850	9148295	1836.0	612.0	715392	238464.0	anat,func
ds003592	sub-07	ses-2	3	0	0	186618513	0	1836.0	612.0	715392	238464.0	func
ds003592	sub-08	ses-1	3	1	0	188862141	8587927	1836.0	612.0	715392	238464.0	anat,func
ds003592	sub-08	ses-2	3	0	0	188041035	0	1836.0	612.0	715392	238464.0	func
ds003592	sub-09	ses-1	3	1	0	193635953	9149848	1836.0	612.0	715392	238464.0	anat,func
ds003592	sub-09	ses-2	3	0	0	192261912	0	1836.0	612.0	715392	238464.0	func
ds003592	sub-10	ses-1	3	1	0	193350632	8966380	1836.0	612.0	715392	238464.0	anat,func
ds003592	sub-10	ses-2	3	0	0	192285971	0	1836.0	612.0	715392	238464.0	func
ds003592	sub-100	ses-1	3	1	0	193501327	9004359	1836.0	612.0	715392	238464.0	anat,func
ds003592	sub-100	ses-2	3	0	0	193002696	0	1836.0	612.0	715392	238464.0	func
ds003592	sub-101	ses-1	3	1	0	196233593	8562471	1836.0	612.0	715392	238464.0	anat,func
ds003592	sub-101	ses-2	3	0	0	195143301	0	1836.0	612.0	715392	238464.0	func
ds003592	sub-102	ses-1	3	1	0	197325921	9684683	1836.0	612.0	715392	238464.0	anat,func
ds003592	sub-102	ses-2	3	0	0	197907365	0	1836.0	612.0	715392	238464.0	func
ds003592	sub-103	ses-1	3	1	0	197798014	9529344	1836.0	612.0	715392	238464.0	anat,func
ds003592	sub-103	ses-2	3	0	0	197376214	0	1836.0	612.0	715392	238464.0	func
ds003592	sub-104	ses-1	3	1	0	200318583	10121194	1836.0	612.0	715392	238464.0	anat,func
ds003592	sub-104	ses-2	3	0	0	200143107	0	1836.0	612.0	715392	238464.0	func
ds003592	sub-105	ses-1	3	1	0	187970330	8738726	1836.0	612.0	715392	238464.0	anat,func
ds003592	sub-105	ses-2	3	0	0	187602081	0	1836.0	612.0	715392	238464.0	func
ds003592	sub-106	ses-1	3	1	0	172717681	8179797	1836.0	612.0	715392	238464.0	anat,func
ds003592	sub-106	ses-2	3	0	0	172119979	0	1836.0	612.0	715392	238464.0	func
ds003592	sub-107	ses-1	3	1	0	199560094	10172036	1836.0	612.0	715392	238464.0	anat,func
ds003592	sub-107	ses-2	3	0	0	199635532	0	1836.0	612.0	715392	238464.0	func
ds003592	sub-108	ses-1	3	1	0	192684667	9033380	1836.0	612.0	715392	238464.0	anat,func
ds003592	sub-108	ses-2	3	0	0	191958058	0	1836.0	612.0	715392	238464.0	func
ds003592	sub-109	ses-1	3	1	0	191497817	9629869	1836.0	612.0	715392	238464.0	anat,func
ds003592	sub-109	ses-2	3	0	0	191029214	0	1836.0	612.0	715392	238464.0	func
ds003592	sub-11	ses-1	3	1	0	194145729	9110875	1836.0	612.0	715392	238464.0	anat,func
ds003592	sub-11	ses-2	3	0	0	193191285	0	1836.0	612.0	715392	238464.0	func
ds003592	sub-110	ses-1	3	1	0	199445811	10283755	1836.0	612.0	715392	238464.0	anat,func
ds003592	sub-110	ses-2	3	0	0	199093587	0	1836.0	612.0	715392	238464.0	func
ds003592	sub-111	ses-1	3	1	0	189633753	8973656	1836.0	612.0	715392	238464.0	anat,func
ds003592	sub-111	ses-2	3	0	0	189336914	0	1836.0	612.0	715392	238464.0	func
ds003592	sub-112	ses-1	3	1	0	199724729	10473457	1836.0	612.0	715392	238464.0	anat,func
ds003592	sub-112	ses-2	3	0	0	200191281	0	1836.0	612.0	715392	238464.0	func
ds003592	sub-113	ses-1	3	1	0	189480901	8503854	1836.0	612.0	715392	238464.0	anat,func
ds003592	sub-113	ses-2	3	0	0	188838535	0	1836.0	612.0	715392	238464.0	func
ds003592	sub-114	ses-1	3	1	0	187410917	8562753	1836.0	612.0	715392	238464.0	anat,func
ds003592	sub-114	ses-2	3	0	0	186684006	0	1836.0	612.0	715392	238464.0	func
ds003592	sub-115	ses-1	3	1	0	196437405	8645993	1836.0	612.0	715392	238464.0	anat,func
ds003592	sub-115	ses-2	3	0	0	195850515	0	1836.0	612.0	715392	238464.0	func
ds003592	sub-116	ses-1	3	1	0	188887045	8889119	1836.0	612.0	715392	238464.0	anat,func
ds003592	sub-116	ses-2	3	0	0	189051022	0	1836.0	612.0	715392	238464.0	func
ds003592	sub-117	ses-1	3	1	0	198089308	9504943	1836.0	612.0	715392	238464.0	anat,func
ds003592	sub-117	ses-2	3	0	0	197839364	0	1836.0	612.0	715392	238464.0	func
ds003592	sub-118	ses-1	3	1	0	196806028	9621908	1836.0	612.0	715392	238464.0	anat,func
ds003592	sub-118	ses-2	3	0	0	197548197	0	1836.0	612.0	715392	238464.0	func
ds003592	sub-119	ses-1	3	1	0	201371299	9447508	1836.0	612.0	715392	238464.0	anat,func
ds003592	sub-119	ses-2	3	0	0	200877890	0	1836.0	612.0	715392	238464.0	func
ds003592	sub-12	ses-1	3	1	0	197191620	10308840	1836.0	612.0	715392	238464.0	anat,func
ds003592	sub-12	ses-2	3	0	0	196540236	0	1836.0	612.0	715392	238464.0	func
ds003592	sub-120	ses-1	3	1	0	195387517	9875931	1836.0	612.0	715392	238464.0	anat,func
ds003592	sub-120	ses-2	3	0	0	193836019	0	1836.0	612.0	715392	238464.0	func
ds003592	sub-121	ses-1	3	1	0	200983873	10287719	1836.0	612.0	715392	238464.0	anat,func
ds003592	sub-121	ses-2	3	0	0	201243458	0	1836.0	612.0	715392	238464.0	func
ds003592	sub-122	ses-1	3	1	0	193057520	9041892	1836.0	612.0	715392	238464.0	anat,func
ds003592	sub-122	ses-2	3	0	0	192990654	0	1836.0	612.0	715392	238464.0	func
ds003592	sub-123	ses-1	3	1	0	201779497	10309028	1836.0	612.0	715392	238464.0	anat,func
ds003592	sub-123	ses-2	3	0	0	201954619	0	1836.0	612.0	715392	238464.0	func
ds003592	sub-124	ses-1	3	1	0	204269957	10410924	1836.0	612.0	715392	238464.0	anat,func
ds003592	sub-124	ses-2	3	0	0	203901224	0	1836.0	612.0	715392	238464.0	func
ds003592	sub-125	ses-1	3	1	0	195837032	9398584	1836.0	612.0	715392	238464.0	anat,func
ds003592	sub-125	ses-2	3	0	0	194591110	0	1836.0	612.0	715392	238464.0	func
ds003592	sub-126	ses-1	3	1	0	194899009	9011415	1836.0	612.0	715392	238464.0	anat,func
ds003592	sub-126	ses-2	3	0	0	193789218	0	1836.0	612.0	715392	238464.0	func
ds003592	sub-127	ses-1	3	1	0	177578526	8658087	1836.0	612.0	715392	238464.0	anat,func
ds003592	sub-127	ses-2	3	0	0	177563013	0	1836.0	612.0	715392	238464.0	func
ds003592	sub-128	ses-1	3	1	0	184489638	8189187	1836.0	612.0	715392	238464.0	anat,func
ds003592	sub-128	ses-2	3	0	0	184402737	0	1836.0	612.0	715392	238464.0	func
ds003592	sub-129	ses-1	3	1	0	173890479	7613367	1836.0	612.0	715392	238464.0	anat,func
ds003592	sub-129	ses-2	3	0	0	173386791	0	1836.0	612.0	715392	238464.0	func
ds003592	sub-13	ses-1	3	1	0	192066064	8197635	1836.0	612.0	715392	238464.0	anat,func
ds003592	sub-13	ses-2	3	0	0	191188703	0	1836.0	612.0	715392	238464.0	func
ds003592	sub-130	ses-1	3	1	0	194061720	9916629	1836.0	612.0	715392	238464.0	anat,func
ds003592	sub-130	ses-2	3	0	0	193854262	0	1836.0	612.0	715392	238464.0	func
ds003592	sub-131	ses-1	3	1	0	184637679	8229371	1836.0	612.0	715392	238464.0	anat,func
ds003592	sub-131	ses-2	3	0	0	184623635	0	1836.0	612.0	715392	238464.0	func
ds003592	sub-132	ses-1	3	1	0	183815005	8564193	1836.0	612.0	715392	238464.0	anat,func
ds003592	sub-132	ses-2	3	0	0	183343887	0	1836.0	612.0	715392	238464.0	func
ds003592	sub-133	ses-1	3	1	0	191653060	9249901	1836.0	612.0	715392	238464.0	anat,func
ds003592	sub-133	ses-2	3	0	0	191302765	0	1836.0	612.0	715392	238464.0	func
ds003592	sub-134	ses-1	3	1	0	188831989	6449887	1836.0	612.0	715392	238464.0	anat,func
ds003592	sub-134	ses-2	3	0	0	187927310	0	1836.0	612.0	715392	238464.0	func
ds003592	sub-135	ses-1	3	1	0	195505323	10334430	1836.0	612.0	715392	238464.0	anat,func
ds003592	sub-135	ses-2	3	0	0	195301914	0	1836.0	612.0	715392	238464.0	func
ds003592	sub-136	ses-1	3	1	0	192200813	8711033	1836.0	612.0	715392	238464.0	anat,func
ds003592	sub-136	ses-2	3	0	0	191751246	0	1836.0	612.0	715392	238464.0	func
ds003592	sub-137	ses-1	3	1	0	187330511	8621698	1836.0	612.0	715392	238464.0	anat,func
ds003592	sub-137	ses-2	3	0	0	187162758	0	1836.0	612.0	715392	238464.0	func
ds003592	sub-138	ses-1	3	1	0	193602925	9619128	1836.0	612.0	715392	238464.0	anat,func
ds003592	sub-138	ses-2	3	0	0	192937645	0	1836.0	612.0	715392	238464.0	func
ds003592	sub-139	ses-1	3	1	0	191799034	8951575	1836.0	612.0	715392	238464.0	anat,func
ds003592	sub-139	ses-2	3	0	0	191700161	0	1836.0	612.0	715392	238464.0	func
ds003592	sub-14	ses-1	3	1	0	184237951	8336224	1836.0	612.0	715392	238464.0	anat,func
ds003592	sub-14	ses-2	3	0	0	183560097	0	1836.0	612.0	715392	238464.0	func
ds003592	sub-140	ses-1	3	1	0	197434308	9461029	1836.0	612.0	715392	238464.0	anat,func
ds003592	sub-140	ses-2	3	0	0	196263108	0	1836.0	612.0	715392	238464.0	func
ds003592	sub-141	ses-1	3	1	0	195753592	8276855	1836.0	612.0	715392	238464.0	anat,func
ds003592	sub-141	ses-2	3	0	0	194634345	0	1836.0	612.0	715392	238464.0	func
ds003592	sub-142	ses-1	3	1	0	197381121	9426574	1836.0	612.0	715392	238464.0	anat,func
ds003592	sub-142	ses-2	3	0	0	196525483	0	1836.0	612.0	715392	238464.0	func
ds003592	sub-143	ses-1	3	1	0	196184102	8533235	1836.0	612.0	715392	238464.0	anat,func
ds003592	sub-143	ses-2	3	0	0	195305623	0	1836.0	612.0	715392	238464.0	func
ds003592	sub-144	ses-1	3	1	0	192952373	8598334	1836.0	612.0	715392	238464.0	anat,func
ds003592	sub-144	ses-2	3	0	0	191561058	0	1836.0	612.0	715392	238464.0	func
ds003592	sub-145	ses-1	3	1	0	193002778	8747665	1836.0	612.0	715392	238464.0	anat,func
ds003592	sub-145	ses-2	3	0	0	192234929	0	1836.0	612.0	715392	238464.0	func
ds003592	sub-146	ses-1	3	1	0	193956674	8743291	1836.0	612.0	715392	238464.0	anat,func
ds003592	sub-146	ses-2	3	0	0	192792057	0	1836.0	612.0	715392	238464.0	func
ds003592	sub-147	ses-1	3	1	0	195309397	9019853	1836.0	612.0	715392	238464.0	anat,func
ds003592	sub-147	ses-2	3	0	0	194963290	0	1836.0	612.0	715392	238464.0	func
ds003592	sub-148	ses-1	3	1	0	197462364	10301703	1836.0	612.0	715392	238464.0	anat,func
ds003592	sub-148	ses-2	3	0	0	196722783	0	1836.0	612.0	715392	238464.0	func
ds003592	sub-149	ses-1	3	1	0	202700611	9778075	1854.0	618.0	715392	238464.0	anat,func
ds003592	sub-149	ses-2	3	0	0	202256152	0	1854.0	618.0	715392	238464.0	func
ds003592	sub-15	ses-1	3	1	0	188841163	9910935	1836.0	612.0	715392	238464.0	anat,func
ds003592	sub-15	ses-2	3	0	0	188438158	0	1836.0	612.0	715392	238464.0	func
ds003592	sub-150	ses-1	3	1	0	195215747	8991468	1836.0	612.0	715392	238464.0	anat,func
ds003592	sub-150	ses-2	3	0	0	194049098	0	1836.0	612.0	715392	238464.0	func
ds003592	sub-151	ses-1	3	1	0	190300577	8874366	1836.0	612.0	715392	238464.0	anat,func
ds003592	sub-151	ses-2	3	0	0	189441065	0	1836.0	612.0	715392	238464.0	func
ds003592	sub-152	ses-1	3	1	0	192185930	9213320	1836.0	612.0	715392	238464.0	anat,func
ds003592	sub-152	ses-2	3	0	0	191240042	0	1836.0	612.0	715392	238464.0	func
ds003592	sub-153	ses-1	3	1	0	199766010	9441508	1836.0	612.0	715392	238464.0	anat,func
ds003592	sub-153	ses-2	3	0	0	198758717	0	1836.0	612.0	715392	238464.0	func
ds003592	sub-154	ses-1	3	1	0	205497348	10362782	1836.0	612.0	715392	238464.0	anat,func
ds003592	sub-154	ses-2	3	0	0	203264499	0	1836.0	612.0	715392	238464.0	func
ds003592	sub-155	ses-1	3	1	0	189538740	7939976	1836.0	612.0	715392	238464.0	anat,func
ds003592	sub-155	ses-2	3	0	0	188646503	0	1836.0	612.0	715392	238464.0	func
ds003592	sub-156	ses-1	3	1	0	196481843	9897784	1836.0	612.0	715392	238464.0	anat,func
ds003592	sub-156	ses-2	3	0	0	195929053	0	1836.0	612.0	715392	238464.0	func
ds003592	sub-157	ses-1	3	1	0	191385070	8393893	1836.0	612.0	715392	238464.0	anat,func
ds003592	sub-157	ses-2	3	0	0	191754640	0	1836.0	612.0	715392	238464.0	func
ds003592	sub-158	ses-1	3	1	0	197048311	9886891	1836.0	612.0	715392	238464.0	anat,func
ds003592	sub-158	ses-2	3	0	0	196091909	0	1836.0	612.0	715392	238464.0	func
ds003592	sub-159	ses-1	3	1	0	188977254	8697777	1836.0	612.0	715392	238464.0	anat,func
ds003592	sub-159	ses-2	3	0	0	188187344	0	1836.0	612.0	715392	238464.0	func
ds003592	sub-16	ses-1	3	1	0	186723705	8444364	1836.0	612.0	715392	238464.0	anat,func
ds003592	sub-16	ses-2	3	0	0	186978493	0	1836.0	612.0	715392	238464.0	func
ds003592	sub-160	ses-1	3	1	0	197705055	9302150	1836.0	612.0	715392	238464.0	anat,func
ds003592	sub-160	ses-2	3	0	0	197203771	0	1836.0	612.0	715392	238464.0	func
ds003592	sub-161	ses-1	3	1	0	195123805	9730611	1836.0	612.0	715392	238464.0	anat,func
ds003592	sub-161	ses-2	3	0	0	194209720	0	1836.0	612.0	715392	238464.0	func
ds003592	sub-162	ses-1	3	1	0	190283013	8902992	1836.0	612.0	715392	238464.0	anat,func
ds003592	sub-162	ses-2	3	0	0	189536771	0	1836.0	612.0	715392	238464.0	func
ds003592	sub-163	ses-1	3	1	0	196568200	9263490	1836.0	612.0	715392	238464.0	anat,func
ds003592	sub-163	ses-2	3	0	0	196280155	0	1836.0	612.0	715392	238464.0	func
ds003592	sub-164	ses-1	3	1	0	191958617	8724842	1836.0	612.0	715392	238464.0	anat,func
ds003592	sub-164	ses-2	3	0	0	191740732	0	1836.0	612.0	715392	238464.0	func
ds003592	sub-165	ses-1	3	1	0	200186792	9615316	1836.0	612.0	715392	238464.0	anat,func
ds003592	sub-165	ses-2	3	0	0	199606625	0	1836.0	612.0	715392	238464.0	func
ds003592	sub-166	ses-1	3	1	0	195619741	9375146	1836.0	612.0	715392	238464.0	anat,func
ds003592	sub-166	ses-2	3	0	0	194439283	0	1836.0	612.0	715392	238464.0	func
ds003592	sub-167	ses-1	3	1	0	194379165	9261717	1836.0	612.0	715392	238464.0	anat,func
ds003592	sub-167	ses-2	3	0	0	194119693	0	1836.0	612.0	715392	238464.0	func
ds003592	sub-168	ses-1	3	1	0	191115219	8971134	1836.0	612.0	715392	238464.0	anat,func
ds003592	sub-168	ses-2	3	0	0	190149570	0	1836.0	612.0	715392	238464.0	func
ds003592	sub-169	ses-1	3	1	0	188848062	8747474	1836.0	612.0	715392	238464.0	anat,func
ds003592	sub-169	ses-2	3	0	0	187797617	0	1836.0	612.0	715392	238464.0	func
ds003592	sub-17	ses-1	3	1	0	193314200	9202603	1836.0	612.0	715392	238464.0	anat,func
ds003592	sub-17	ses-2	3	0	0	193321674	0	1836.0	612.0	715392	238464.0	func
ds003592	sub-170	ses-1	3	1	0	194296354	9348427	1836.0	612.0	715392	238464.0	anat,func
ds003592	sub-170	ses-2	3	0	0	192981166	0	1836.0	612.0	715392	238464.0	func
ds003592	sub-171	ses-1	3	1	0	200157818	9840932	1836.0	612.0	715392	238464.0	anat,func
ds003592	sub-171	ses-2	3	0	0	199042294	0	1836.0	612.0	715392	238464.0	func
ds003592	sub-172	ses-1	3	1	0	195471505	9601439	1836.0	612.0	715392	238464.0	anat,func
ds003592	sub-172	ses-2	3	0	0	194973951	0	1836.0	612.0	715392	238464.0	func
ds003592	sub-173	ses-1	3	1	0	194702677	9646174	1836.0	612.0	715392	238464.0	anat,func
ds003592	sub-173	ses-2	3	0	0	194332071	0	1836.0	612.0	715392	238464.0	func
ds003592	sub-174	ses-1	3	1	0	198282908	9961924	1836.0	612.0	715392	238464.0	anat,func
ds003592	sub-174	ses-2	3	0	0	197975845	0	1836.0	612.0	715392	238464.0	func
ds003592	sub-175	ses-1	3	1	0	200290751	10341748	1836.0	612.0	715392	238464.0	anat,func
ds003592	sub-175	ses-2	3	0	0	199394212	0	1836.0	612.0	715392	238464.0	func
ds003592	sub-176	ses-1	3	1	0	201993861	10007431	1836.0	612.0	715392	238464.0	anat,func
ds003592	sub-176	ses-2	3	0	0	201415561	0	1836.0	612.0	715392	238464.0	func
ds003592	sub-177	ses-1	3	1	0	197951175	9938991	1836.0	612.0	715392	238464.0	anat,func
ds003592	sub-177	ses-2	3	0	0	198146782	0	1836.0	612.0	715392	238464.0	func
ds003592	sub-178	ses-1	3	1	0	198874749	9233541	1836.0	612.0	715392	238464.0	anat,func
ds003592	sub-178	ses-2	3	0	0	198399292	0	1836.0	612.0	715392	238464.0	func
ds003592	sub-179	ses-1	3	1	0	185221816	9025843	1836.0	612.0	715392	238464.0	anat,func
ds003592	sub-179	ses-2	3	0	0	185409764	0	1836.0	612.0	715392	238464.0	func
ds003592	sub-18	ses-1	3	1	0	192056080	9180381	1836.0	612.0	715392	238464.0	anat,func
ds003592	sub-18	ses-2	3	0	0	192426889	0	1836.0	612.0	715392	238464.0	func
ds003592	sub-180	ses-1	3	1	0	191463012	9046866	1836.0	612.0	715392	238464.0	anat,func
ds003592	sub-180	ses-2	3	0	0	191127584	0	1836.0	612.0	715392	238464.0	func
ds003592	sub-181	ses-1	3	1	0	188386666	9034748	1836.0	612.0	715392	238464.0	anat,func
ds003592	sub-181	ses-2	3	0	0	187246942	0	1836.0	612.0	715392	238464.0	func
ds003592	sub-182	ses-1	3	1	0	186158308	9123448	1836.0	612.0	715392	238464.0	anat,func
ds003592	sub-182	ses-2	3	0	0	185387419	0	1836.0	612.0	715392	238464.0	func
ds003592	sub-183	ses-1	3	1	0	192776301	9321672	1836.0	612.0	715392	238464.0	anat,func
ds003592	sub-183	ses-2	3	0	0	191125677	0	1836.0	612.0	715392	238464.0	func
ds003592	sub-184	ses-1	3	1	0	192108592	8496983	1836.0	612.0	715392	238464.0	anat,func
ds003592	sub-184	ses-2	3	0	0	191490892	0	1836.0	612.0	715392	238464.0	func
ds003592	sub-185	ses-1	3	1	0	191130380	8661335	1836.0	612.0	715392	238464.0	anat,func
ds003592	sub-185	ses-2	3	0	0	189871374	0	1836.0	612.0	715392	238464.0	func
ds003592	sub-186	ses-1	3	1	0	187617343	9164506	1836.0	612.0	715392	238464.0	anat,func
ds003592	sub-186	ses-2	3	0	0	186898017	0	1836.0	612.0	715392	238464.0	func
ds003592	sub-187	ses-1	3	1	0	183670593	8289233	1836.0	612.0	715392	238464.0	anat,func
ds003592	sub-187	ses-2	3	0	0	183123463	0	1836.0	612.0	715392	238464.0	func
ds003592	sub-188	ses-1	3	1	0	196782535	9518372	1836.0	612.0	715392	238464.0	anat,func
ds003592	sub-188	ses-2	3	0	0	194631721	0	1836.0	612.0	715392	238464.0	func
ds003592	sub-189	ses-1	3	1	0	189197529	9006525	1836.0	612.0	715392	238464.0	anat,func
ds003592	sub-189	ses-2	3	0	0	187383732	0	1836.0	612.0	715392	238464.0	func
ds003592	sub-19	ses-1	3	1	0	193035945	9016453	1836.0	612.0	715392	238464.0	anat,func
ds003592	sub-19	ses-2	3	0	0	192296434	0	1836.0	612.0	715392	238464.0	func
ds003592	sub-190	ses-1	3	1	0	200393848	10185843	1836.0	612.0	715392	238464.0	anat,func
ds003592	sub-190	ses-2	3	0	0	200342285	0	1836.0	612.0	715392	238464.0	func
ds003592	sub-191	ses-1	3	1	0	197316769	10043506	1836.0	612.0	715392	238464.0	anat,func
ds003592	sub-191	ses-2	3	0	0	196700651	0	1836.0	612.0	715392	238464.0	func
ds003592	sub-192	ses-1	3	1	0	189446026	8633034	1836.0	612.0	715392	238464.0	anat,func
ds003592	sub-192	ses-2	3	0	0	188312120	0	1836.0	612.0	715392	238464.0	func
ds003592	sub-193	ses-1	3	1	0	202600362	9325548	1836.0	612.0	715392	238464.0	anat,func
ds003592	sub-193	ses-2	3	0	0	201353008	0	1836.0	612.0	715392	238464.0	func
ds003592	sub-194	ses-1	3	1	0	202640994	10189903	1836.0	612.0	715392	238464.0	anat,func
ds003592	sub-194	ses-2	3	0	0	201765158	0	1836.0	612.0	715392	238464.0	func
ds003592	sub-195	ses-1	3	1	0	203282328	10224729	1836.0	612.0	715392	238464.0	anat,func
ds003592	sub-195	ses-2	3	0	0	202876061	0	1836.0	612.0	715392	238464.0	func
ds003592	sub-196	ses-1	3	1	0	190409126	8874502	1836.0	612.0	715392	238464.0	anat,func
ds003592	sub-196	ses-2	3	0	0	189595899	0	1836.0	612.0	715392	238464.0	func
ds003592	sub-197	ses-1	3	1	0	197326439	9820732	1836.0	612.0	715392	238464.0	anat,func
ds003592	sub-197	ses-2	3	0	0	197928761	0	1836.0	612.0	715392	238464.0	func
ds003592	sub-198	ses-1	3	1	0	195534646	10118007	1836.0	612.0	715392	238464.0	anat,func
ds003592	sub-198	ses-2	3	0	0	195840545	0	1836.0	612.0	715392	238464.0	func
ds003592	sub-199	ses-1	3	1	0	196835140	9164743	1836.0	612.0	715392	238464.0	anat,func
ds003592	sub-199	ses-2	3	0	0	195335457	0	1836.0	612.0	715392	238464.0	func
ds003592	sub-20	ses-1	3	1	0	186401990	9235647	1836.0	612.0	715392	238464.0	anat,func
ds003592	sub-20	ses-2	3	0	0	186692580	0	1836.0	612.0	715392	238464.0	func
ds003592	sub-200	ses-1	3	1	0	195480090	9686277	1836.0	612.0	715392	238464.0	anat,func
ds003592	sub-200	ses-2	3	0	0	196091511	0	1836.0	612.0	715392	238464.0	func
ds003592	sub-201	ses-1	3	1	0	198392304	9824394	1836.0	612.0	715392	238464.0	anat,func
ds003592	sub-201	ses-2	3	0	0	197663228	0	1836.0	612.0	715392	238464.0	func
ds003592	sub-202	ses-1	3	1	0	201545380	9821833	1836.0	612.0	715392	238464.0	anat,func
ds003592	sub-202	ses-2	3	0	0	200661041	0	1836.0	612.0	715392	238464.0	func
ds003592	sub-203	ses-1	3	1	0	195897085	9782848	1836.0	612.0	715392	238464.0	anat,func
ds003592	sub-203	ses-2	3	0	0	194801932	0	1836.0	612.0	715392	238464.0	func
ds003592	sub-204	ses-1	3	1	0	194778706	9781199	1836.0	612.0	715392	238464.0	anat,func
ds003592	sub-204	ses-2	3	0	0	193965024	0	1836.0	612.0	715392	238464.0	func
ds003592	sub-205	ses-1	3	1	0	195009224	9420006	1836.0	612.0	715392	238464.0	anat,func
ds003592	sub-205	ses-2	3	0	0	195865843	0	1836.0	612.0	715392	238464.0	func
ds003592	sub-206	ses-1	3	1	0	196755707	9276668	1836.0	612.0	715392	238464.0	anat,func
ds003592	sub-206	ses-2	3	0	0	197018163	0	1836.0	612.0	715392	238464.0	func
ds003592	sub-207	ses-1	3	1	0	196125364	9009358	1836.0	612.0	715392	238464.0	anat,func
ds003592	sub-207	ses-2	3	0	0	195401688	0	1836.0	612.0	715392	238464.0	func
ds003592	sub-208	ses-1	3	1	0	200764581	9563388	1836.0	612.0	715392	238464.0	anat,func
ds003592	sub-208	ses-2	3	0	0	200308890	0	1836.0	612.0	715392	238464.0	func
ds003592	sub-209	ses-1	3	1	0	201360228	9911025	1836.0	612.0	715392	238464.0	anat,func
ds003592	sub-209	ses-2	3	0	0	200707920	0	1836.0	612.0	715392	238464.0	func
ds003592	sub-21	ses-1	3	1	0	178811657	8639927	1836.0	612.0	715392	238464.0	anat,func
ds003592	sub-21	ses-2	3	0	0	178915215	0	1836.0	612.0	715392	238464.0	func
ds003592	sub-210	ses-1	3	1	0	186277377	8097634	1836.0	612.0	715392	238464.0	anat,func
ds003592	sub-210	ses-2	3	0	0	186406459	0	1836.0	612.0	715392	238464.0	func
ds003592	sub-211	ses-1	3	1	0	202714924	10172268	1836.0	612.0	715392	238464.0	anat,func
ds003592	sub-211	ses-2	3	0	0	202034225	0	1836.0	612.0	715392	238464.0	func
ds003592	sub-212	ses-1	3	1	0	189514430	8796052	1836.0	612.0	715392	238464.0	anat,func
ds003592	sub-212	ses-2	3	0	0	188574961	0	1836.0	612.0	715392	238464.0	func
ds003592	sub-213	ses-1	3	1	0	189950440	8469072	1836.0	612.0	715392	238464.0	anat,func
ds003592	sub-213	ses-2	3	0	0	188874331	0	1836.0	612.0	715392	238464.0	func
ds003592	sub-214	ses-1	3	1	0	189668115	8307770	1836.0	612.0	715392	238464.0	anat,func
ds003592	sub-214	ses-2	3	0	0	189610578	0	1836.0	612.0	715392	238464.0	func
ds003592	sub-215	ses-1	3	1	0	191453599	8937600	1836.0	612.0	715392	238464.0	anat,func
ds003592	sub-215	ses-2	3	0	0	191548761	0	1836.0	612.0	715392	238464.0	func
ds003592	sub-216	ses-1	3	1	0	198545116	9419742	1836.0	612.0	715392	238464.0	anat,func
ds003592	sub-216	ses-2	3	0	0	198942872	0	1836.0	612.0	715392	238464.0	func
ds003592	sub-217	ses-1	3	1	0	198302447	9680960	1836.0	612.0	715392	238464.0	anat,func
ds003592	sub-217	ses-2	3	0	0	197405409	0	1836.0	612.0	715392	238464.0	func
ds003592	sub-218	ses-1	3	1	0	198764951	9880608	1836.0	612.0	715392	238464.0	anat,func
ds003592	sub-218	ses-2	3	0	0	198359803	0	1836.0	612.0	715392	238464.0	func
ds003592	sub-219	ses-1	3	1	0	192537975	8566139	1836.0	612.0	715392	238464.0	anat,func
ds003592	sub-219	ses-2	3	0	0	192262425	0	1836.0	612.0	715392	238464.0	func
ds003592	sub-22	ses-1	3	1	0	172995922	7729755	1836.0	612.0	715392	238464.0	anat,func
ds003592	sub-22	ses-2	3	0	0	170448580	0	1836.0	612.0	715392	238464.0	func
ds003592	sub-220	ses-1	3	1	0	192234161	8503715	1836.0	612.0	715392	238464.0	anat,func
ds003592	sub-220	ses-2	3	0	0	192159580	0	1836.0	612.0	715392	238464.0	func
ds003592	sub-221	ses-1	3	1	0	190091458	8910356	1836.0	612.0	715392	238464.0	anat,func
ds003592	sub-221	ses-2	3	0	0	189328104	0	1836.0	612.0	715392	238464.0	func
ds003592	sub-222	ses-1	3	1	0	201342891	9323958	1836.0	612.0	715392	238464.0	anat,func
ds003592	sub-222	ses-2	3	0	0	199946057	0	1836.0	612.0	715392	238464.0	func
ds003592	sub-223	ses-1	3	1	0	199636217	9714379	1836.0	612.0	715392	238464.0	anat,func
ds003592	sub-223	ses-2	3	0	0	199539272	0	1836.0	612.0	715392	238464.0	func
ds003592	sub-224	ses-1	3	1	0	192770466	9127813	1836.0	612.0	715392	238464.0	anat,func
ds003592	sub-224	ses-2	3	0	0	192125849	0	1836.0	612.0	715392	238464.0	func
ds003592	sub-225	ses-1	3	1	0	191908486	8332777	1836.0	612.0	715392	238464.0	anat,func
ds003592	sub-225	ses-2	3	0	0	190750321	0	1836.0	612.0	715392	238464.0	func
ds003592	sub-226	ses-1	3	1	0	191438142	8923655	1836.0	612.0	715392	238464.0	anat,func
ds003592	sub-226	ses-2	3	0	0	190910548	0	1836.0	612.0	715392	238464.0	func
ds003592	sub-227	ses-1	3	1	0	192255106	8659694	1836.0	612.0	715392	238464.0	anat,func
ds003592	sub-227	ses-2	3	0	0	191516356	0	1836.0	612.0	715392	238464.0	func
ds003592	sub-228	ses-1	3	1	0	198184428	9431080	1836.0	612.0	715392	238464.0	anat,func
ds003592	sub-228	ses-2	3	0	0	197348340	0	1836.0	612.0	715392	238464.0	func
ds003592	sub-229	ses-1	3	1	0	199864988	9353427	1836.0	612.0	715392	238464.0	anat,func
ds003592	sub-229	ses-2	3	0	0	199248078	0	1836.0	612.0	715392	238464.0	func
ds003592	sub-23	ses-1	3	1	0	189031971	9045000	1836.0	612.0	715392	238464.0	anat,func
ds003592	sub-23	ses-2	3	0	0	188311521	0	1836.0	612.0	715392	238464.0	func
ds003592	sub-230	ses-1	3	1	0	199093049	9578850	1836.0	612.0	715392	238464.0	anat,func
ds003592	sub-230	ses-2	3	0	0	198085609	0	1836.0	612.0	715392	238464.0	func
ds003592	sub-231	ses-1	3	1	0	202948476	9878669	1836.0	612.0	715392	238464.0	anat,func
ds003592	sub-231	ses-2	3	0	0	201982869	0	1836.0	612.0	715392	238464.0	func
ds003592	sub-232	ses-1	3	1	0	196809653	8942908	1836.0	612.0	715392	238464.0	anat,func
ds003592	sub-232	ses-2	3	0	0	197203499	0	1836.0	612.0	715392	238464.0	func
ds003592	sub-233	ses-1	3	1	0	192029982	9226336	1836.0	612.0	715392	238464.0	anat,func
ds003592	sub-233	ses-2	3	0	0	191688742	0	1836.0	612.0	715392	238464.0	func
ds003592	sub-234	ses-1	3	1	0	186145155	8457050	1836.0	612.0	715392	238464.0	anat,func
ds003592	sub-234	ses-2	3	0	0	185828657	0	1836.0	612.0	715392	238464.0	func
ds003592	sub-235	ses-1	3	1	0	191254660	9065422	1836.0	612.0	715392	238464.0	anat,func
ds003592	sub-235	ses-2	3	0	0	191735496	0	1836.0	612.0	715392	238464.0	func
ds003592	sub-236	ses-1	3	1	0	196268000	9599674	1836.0	612.0	715392	238464.0	anat,func
ds003592	sub-236	ses-2	3	0	0	196003065	0	1836.0	612.0	715392	238464.0	func
ds003592	sub-237	ses-1	3	1	0	194720332	9129759	1836.0	612.0	715392	238464.0	anat,func
ds003592	sub-237	ses-2	3	0	0	194780356	0	1836.0	612.0	715392	238464.0	func
ds003592	sub-238	ses-1	3	1	0	194540523	9307565	1836.0	612.0	715392	238464.0	anat,func
ds003592	sub-238	ses-2	3	0	0	195290877	0	1836.0	612.0	715392	238464.0	func
ds003592	sub-239	ses-1	3	1	0	118459529	8720395	1800.0	600.0	528384	176128.0	anat,func
ds003592	sub-239	ses-2	3	0	0	120684690	0	1800.0	600.0	528384	176128.0	func
ds003592	sub-24	ses-1	3	1	0	185748886	8399077	1836.0	612.0	715392	238464.0	anat,func
ds003592	sub-24	ses-2	3	0	0	185737887	0	1836.0	612.0	715392	238464.0	func
ds003592	sub-240	ses-1	3	1	0	126447734	9399425	1800.0	600.0	528384	176128.0	anat,func
ds003592	sub-240	ses-2	3	0	0	126928414	0	1800.0	600.0	528384	176128.0	func
ds003592	sub-241	ses-1	3	1	0	116763009	9189906	1800.0	600.0	528384	176128.0	anat,func
ds003592	sub-241	ses-2	3	0	0	117543957	0	1800.0	600.0	528384	176128.0	func
ds003592	sub-242	ses-1	3	1	0	124671811	8547005	1800.0	600.0	528384	176128.0	anat,func
ds003592	sub-242	ses-2	3	0	0	124999520	0	1800.0	600.0	528384	176128.0	func
ds003592	sub-243	ses-1	3	1	0	124536786	8744909	1800.0	600.0	528384	176128.0	anat,func
ds003592	sub-243	ses-2	3	0	0	125375316	0	1800.0	600.0	528384	176128.0	func
ds003592	sub-244	ses-1	3	1	0	129177972	9323832	1800.0	600.0	528384	176128.0	anat,func
ds003592	sub-244	ses-2	3	0	0	128757026	0	1800.0	600.0	528384	176128.0	func
ds003592	sub-245	ses-1	3	1	0	107657112	7300752	1800.0	600.0	528384	176128.0	anat,func
ds003592	sub-245	ses-2	3	0	0	108886774	0	1800.0	600.0	528384	176128.0	func
ds003592	sub-246	ses-1	3	1	0	119333960	8272959	1800.0	600.0	528384	176128.0	anat,func
ds003592	sub-246	ses-2	3	0	0	118172072	0	1800.0	600.0	528384	176128.0	func
ds003592	sub-247	ses-1	3	1	0	123119827	9312199	1800.0	600.0	528384	176128.0	anat,func
ds003592	sub-247	ses-2	3	0	0	124264661	0	1800.0	600.0	528384	176128.0	func
ds003592	sub-248	ses-1	3	1	0	112586264	8374368	1800.0	600.0	528384	176128.0	anat,func
ds003592	sub-248	ses-2	3	0	0	112081295	0	1800.0	600.0	528384	176128.0	func
ds003592	sub-249	ses-1	3	1	0	111018757	8668991	1800.0	600.0	528384	176128.0	anat,func
ds003592	sub-249	ses-2	3	0	0	108215123	0	1800.0	600.0	528384	176128.0	func
ds003592	sub-25	ses-1	3	1	0	184902733	8975081	1836.0	612.0	715392	238464.0	anat,func
ds003592	sub-25	ses-2	3	0	0	185140765	0	1836.0	612.0	715392	238464.0	func
ds003592	sub-250	ses-1	3	1	0	114628210	8237403	1800.0	600.0	528384	176128.0	anat,func
ds003592	sub-250	ses-2	3	0	0	113914936	0	1800.0	600.0	528384	176128.0	func
ds003592	sub-251	ses-1	3	1	0	120716477	8002852	1800.0	600.0	528384	176128.0	anat,func
ds003592	sub-251	ses-2	3	0	0	117356942	0	1800.0	600.0	528384	176128.0	func
ds003592	sub-252	ses-1	3	1	0	116131981	8970423	1800.0	600.0	528384	176128.0	anat,func
ds003592	sub-252	ses-2	3	0	0	115166319	0	1800.0	600.0	528384	176128.0	func
ds003592	sub-253	ses-1	3	1	0	120539227	8677802	1800.0	600.0	528384	176128.0	anat,func
ds003592	sub-253	ses-2	3	0	0	121490151	0	1800.0	600.0	528384	176128.0	func
ds003592	sub-254	ses-1	3	1	0	115520430	8258530	1800.0	600.0	528384	176128.0	anat,func
ds003592	sub-254	ses-2	3	0	0	114322241	0	1800.0	600.0	528384	176128.0	func
ds003592	sub-255	ses-1	3	1	0	110779396	7629937	1800.0	600.0	528384	176128.0	anat,func
ds003592	sub-255	ses-2	3	0	0	110994481	0	1800.0	600.0	528384	176128.0	func
ds003592	sub-256	ses-1	3	1	0	118498630	8528517	1800.0	600.0	528384	176128.0	anat,func
ds003592	sub-256	ses-2	3	0	0	118516938	0	1800.0	600.0	528384	176128.0	func
ds003592	sub-257	ses-1	3	1	0	122495294	9309538	1800.0	600.0	528384	176128.0	anat,func
ds003592	sub-257	ses-2	3	0	0	123768560	0	1800.0	600.0	528384	176128.0	func
ds003592	sub-258	ses-1	3	1	0	118670924	8842135	1800.0	600.0	528384	176128.0	anat,func
ds003592	sub-258	ses-2	3	0	0	119287830	0	1800.0	600.0	528384	176128.0	func
ds003592	sub-259	ses-1	3	1	0	119545814	9325380	1800.0	600.0	528384	176128.0	anat,func
ds003592	sub-259	ses-2	3	0	0	119611383	0	1800.0	600.0	528384	176128.0	func
ds003592	sub-26	ses-1	3	1	0	184525893	8864679	1836.0	612.0	715392	238464.0	anat,func
ds003592	sub-26	ses-2	3	0	0	184318575	0	1836.0	612.0	715392	238464.0	func
ds003592	sub-260	ses-1	3	1	0	116511215	8169250	1800.0	600.0	528384	176128.0	anat,func
ds003592	sub-260	ses-2	3	0	0	116736709	0	1800.0	600.0	528384	176128.0	func
ds003592	sub-261	ses-1	3	1	0	114322562	8523385	1800.0	600.0	528384	176128.0	anat,func
ds003592	sub-261	ses-2	3	0	0	114056897	0	1800.0	600.0	528384	176128.0	func
ds003592	sub-262	ses-1	3	1	0	110903567	7929382	1800.0	600.0	528384	176128.0	anat,func
ds003592	sub-262	ses-2	3	0	0	112852626	0	1800.0	600.0	528384	176128.0	func
ds003592	sub-263	ses-1	3	1	0	105540347	7620892	1800.0	600.0	528384	176128.0	anat,func
ds003592	sub-263	ses-2	3	0	0	105711834	0	1800.0	600.0	528384	176128.0	func
ds003592	sub-264	ses-1	3	1	0	120011826	9086691	1800.0	600.0	528384	176128.0	anat,func
ds003592	sub-264	ses-2	3	0	0	119600089	0	1800.0	600.0	528384	176128.0	func
ds003592	sub-265	ses-1	3	1	0	117755323	8580713	1800.0	600.0	528384	176128.0	anat,func
ds003592	sub-265	ses-2	3	0	0	117712288	0	1800.0	600.0	528384	176128.0	func
ds003592	sub-266	ses-1	3	1	0	121863649	8716425	1800.0	600.0	528384	176128.0	anat,func
ds003592	sub-266	ses-2	3	0	0	119225898	0	1800.0	600.0	528384	176128.0	func
ds003592	sub-267	ses-1	3	1	0	121030357	9399407	1800.0	600.0	528384	176128.0	anat,func
ds003592	sub-267	ses-2	3	0	0	123036283	0	1800.0	600.0	528384	176128.0	func
ds003592	sub-268	ses-1	3	1	0	119265581	8771022	1800.0	600.0	528384	176128.0	anat,func
ds003592	sub-268	ses-2	3	0	0	119679966	0	1800.0	600.0	528384	176128.0	func
ds003592	sub-269	ses-1	3	1	0	120538050	8845762	1800.0	600.0	528384	176128.0	anat,func
ds003592	sub-269	ses-2	3	0	0	119769952	0	1800.0	600.0	528384	176128.0	func
ds003592	sub-27	ses-1	3	1	0	291900192	8129492	n/a	n/a	n/a	n/a	anat,func
ds003592	sub-27	ses-2	3	0	0	291900256	0	n/a	n/a	n/a	n/a	func
ds003592	sub-270	ses-1	3	1	0	115858358	8898451	1800.0	600.0	528384	176128.0	anat,func
ds003592	sub-270	ses-2	3	0	0	115983746	0	1800.0	600.0	528384	176128.0	func
ds003592	sub-271	ses-1	3	1	0	116594649	8317073	1800.0	600.0	528384	176128.0	anat,func
ds003592	sub-271	ses-2	3	0	0	117368374	0	1800.0	600.0	528384	176128.0	func
ds003592	sub-272	ses-1	3	1	0	116402701	8473663	1800.0	600.0	528384	176128.0	anat,func
ds003592	sub-272	ses-2	3	0	0	117113417	0	1800.0	600.0	528384	176128.0	func
ds003592	sub-273	ses-1	3	1	0	123660400	8763358	1800.0	600.0	528384	176128.0	anat,func
ds003592	sub-273	ses-2	3	0	0	122525551	0	1800.0	600.0	528384	176128.0	func
ds003592	sub-274	ses-1	3	1	0	120942929	8896880	1800.0	600.0	528384	176128.0	anat,func
ds003592	sub-274	ses-2	3	0	0	122065855	0	1800.0	600.0	528384	176128.0	func
ds003592	sub-275	ses-1	3	1	0	119473623	8749386	1800.0	600.0	528384	176128.0	anat,func
ds003592	sub-275	ses-2	3	0	0	119911588	0	1800.0	600.0	528384	176128.0	func
ds003592	sub-276	ses-1	3	1	0	119814100	8894777	1800.0	600.0	528384	176128.0	anat,func
ds003592	sub-276	ses-2	3	0	0	119747769	0	1800.0	600.0	528384	176128.0	func
ds003592	sub-277	ses-1	3	1	0	111956819	8191681	1800.0	600.0	528384	176128.0	anat,func
ds003592	sub-277	ses-2	3	0	0	112620309	0	1800.0	600.0	528384	176128.0	func
ds003592	sub-278	ses-1	3	1	0	117576583	8457232	1800.0	600.0	528384	176128.0	anat,func
ds003592	sub-278	ses-2	3	0	0	117572342	0	1800.0	600.0	528384	176128.0	func
ds003592	sub-279	ses-1	3	1	0	122807716	9234615	1800.0	600.0	528384	176128.0	anat,func
ds003592	sub-279	ses-2	3	0	0	122904950	0	1800.0	600.0	528384	176128.0	func
ds003592	sub-28	ses-1	3	1	0	291900192	8663617	n/a	n/a	n/a	n/a	anat,func
ds003592	sub-28	ses-2	3	0	0	291900192	0	n/a	n/a	n/a	n/a	func
ds003592	sub-280	ses-1	3	1	0	121071618	9364240	1800.0	600.0	528384	176128.0	anat,func
ds003592	sub-280	ses-2	3	0	0	121689904	0	1800.0	600.0	528384	176128.0	func
ds003592	sub-281	ses-1	3	1	0	109551408	7975145	1800.0	600.0	528384	176128.0	anat,func
ds003592	sub-281	ses-2	3	0	0	109763075	0	1800.0	600.0	528384	176128.0	func
ds003592	sub-282	ses-1	3	1	0	120363061	9289667	1800.0	600.0	528384	176128.0	anat,func
ds003592	sub-282	ses-2	3	0	0	119797684	0	1800.0	600.0	528384	176128.0	func
ds003592	sub-283	ses-1	3	1	0	125021382	9685360	1800.0	600.0	528384	176128.0	anat,func
ds003592	sub-283	ses-2	3	0	0	125552682	0	1800.0	600.0	528384	176128.0	func
ds003592	sub-284	ses-1	3	1	0	112439771	8284985	1800.0	600.0	528384	176128.0	anat,func
ds003592	sub-284	ses-2	3	0	0	110767503	0	1800.0	600.0	528384	176128.0	func
ds003592	sub-285	ses-1	3	1	0	129637907	10317504	1800.0	600.0	528384	176128.0	anat,func
ds003592	sub-285	ses-2	3	0	0	130757936	0	1800.0	600.0	528384	176128.0	func
ds003592	sub-286	ses-1	3	1	0	127064571	9718895	1800.0	600.0	528384	176128.0	anat,func
ds003592	sub-286	ses-2	3	0	0	127236884	0	1800.0	600.0	528384	176128.0	func
ds003592	sub-287	ses-1	3	1	0	116840210	8665103	1800.0	600.0	528384	176128.0	anat,func
ds003592	sub-287	ses-2	3	0	0	116678559	0	1800.0	600.0	528384	176128.0	func
ds003592	sub-288	ses-1	3	1	0	123073180	8720326	1800.0	600.0	528384	176128.0	anat,func
ds003592	sub-288	ses-2	3	0	0	123577430	0	1800.0	600.0	528384	176128.0	func
ds003592	sub-289	ses-1	3	1	0	118407904	8073879	1800.0	600.0	528384	176128.0	anat,func
ds003592	sub-289	ses-2	3	0	0	117977940	0	1800.0	600.0	528384	176128.0	func
ds003592	sub-29	ses-1	3	1	0	291900192	7838969	n/a	n/a	n/a	n/a	anat,func
ds003592	sub-29	ses-2	3	0	0	291900192	0	n/a	n/a	n/a	n/a	func
ds003592	sub-290	ses-1	3	1	0	125506416	9680453	1800.0	600.0	528384	176128.0	anat,func
ds003592	sub-290	ses-2	3	0	0	125906206	0	1800.0	600.0	528384	176128.0	func
ds003592	sub-291	ses-1	3	1	0	113955894	8125611	1800.0	600.0	528384	176128.0	anat,func
ds003592	sub-291	ses-2	3	0	0	113470061	0	1800.0	600.0	528384	176128.0	func
ds003592	sub-292	ses-1	3	1	0	117174334	8368947	1800.0	600.0	528384	176128.0	anat,func
ds003592	sub-292	ses-2	3	0	0	117721239	0	1800.0	600.0	528384	176128.0	func
ds003592	sub-293	ses-1	3	1	0	115708544	8698199	1800.0	600.0	528384	176128.0	anat,func
ds003592	sub-293	ses-2	3	0	0	115727901	0	1800.0	600.0	528384	176128.0	func
ds003592	sub-294	ses-1	3	1	0	119271275	9150504	1800.0	600.0	528384	176128.0	anat,func
ds003592	sub-294	ses-2	3	0	0	120510090	0	1800.0	600.0	528384	176128.0	func
ds003592	sub-295	ses-1	3	1	0	121772828	8891917	1800.0	600.0	528384	176128.0	anat,func
ds003592	sub-295	ses-2	3	0	0	122603623	0	1800.0	600.0	528384	176128.0	func
ds003592	sub-296	ses-1	3	1	0	118701099	8535882	1800.0	600.0	528384	176128.0	anat,func
ds003592	sub-296	ses-2	3	0	0	118155238	0	1800.0	600.0	528384	176128.0	func
ds003592	sub-297	ses-1	3	1	0	123363088	9299483	1800.0	600.0	528384	176128.0	anat,func
ds003592	sub-297	ses-2	3	0	0	123903782	0	1800.0	600.0	528384	176128.0	func
ds003592	sub-298	ses-1	3	1	0	121195728	8846274	1800.0	600.0	528384	176128.0	anat,func
ds003592	sub-298	ses-2	3	0	0	121991971	0	1800.0	600.0	528384	176128.0	func
ds003592	sub-299	ses-1	3	1	0	127744312	9821711	1800.0	600.0	528384	176128.0	anat,func
ds003592	sub-299	ses-2	3	0	0	126821738	0	1800.0	600.0	528384	176128.0	func
ds003592	sub-30	ses-1	3	1	0	182588564	8186248	1836.0	612.0	715392	238464.0	anat,func
ds003592	sub-30	ses-2	3	0	0	182026000	0	1836.0	612.0	715392	238464.0	func
ds003592	sub-300	ses-1	3	1	0	114212000	8119562	1800.0	600.0	528384	176128.0	anat,func
ds003592	sub-300	ses-2	3	0	0	113904348	0	1800.0	600.0	528384	176128.0	func
ds003592	sub-301	ses-1	3	1	0	115698931	8551648	1800.0	600.0	528384	176128.0	anat,func
ds003592	sub-301	ses-2	3	0	0	117975294	0	1800.0	600.0	528384	176128.0	func
ds003592	sub-31	ses-1	3	1	0	188855080	8967535	1836.0	612.0	715392	238464.0	anat,func
ds003592	sub-31	ses-2	3	0	0	188117961	0	1836.0	612.0	715392	238464.0	func
ds003592	sub-32	ses-1	3	1	0	183262629	8707888	1836.0	612.0	715392	238464.0	anat,func
ds003592	sub-32	ses-2	3	0	0	183359145	0	1836.0	612.0	715392	238464.0	func
ds003592	sub-33	ses-1	3	1	0	188707862	8988832	1836.0	612.0	715392	238464.0	anat,func
ds003592	sub-33	ses-2	3	0	0	189059987	0	1836.0	612.0	715392	238464.0	func
ds003592	sub-34	ses-1	3	1	0	181234812	8335582	1836.0	612.0	715392	238464.0	anat,func
ds003592	sub-34	ses-2	3	0	0	181634978	0	1836.0	612.0	715392	238464.0	func
ds003592	sub-35	ses-1	3	1	0	195765968	9421725	1836.0	612.0	715392	238464.0	anat,func
ds003592	sub-35	ses-2	3	0	0	195456160	0	1836.0	612.0	715392	238464.0	func
ds003592	sub-36	ses-1	3	1	0	192589271	9625799	1836.0	612.0	715392	238464.0	anat,func
ds003592	sub-36	ses-2	3	0	0	191091836	0	1836.0	612.0	715392	238464.0	func
ds003592	sub-37	ses-1	3	1	0	186746059	8658617	1836.0	612.0	715392	238464.0	anat,func
ds003592	sub-37	ses-2	3	0	0	186409560	0	1836.0	612.0	715392	238464.0	func
ds003592	sub-38	ses-1	3	1	0	186100184	8712132	1836.0	612.0	715392	238464.0	anat,func
ds003592	sub-38	ses-2	3	0	0	186010254	0	1836.0	612.0	715392	238464.0	func
ds003592	sub-39	ses-1	3	1	0	177781694	8124633	1836.0	612.0	715392	238464.0	anat,func
ds003592	sub-39	ses-2	3	0	0	176803055	0	1836.0	612.0	715392	238464.0	func
ds003592	sub-40	ses-1	3	1	0	184643479	8708397	1836.0	612.0	715392	238464.0	anat,func
ds003592	sub-40	ses-2	3	0	0	184440417	0	1836.0	612.0	715392	238464.0	func
ds003592	sub-41	ses-1	3	1	0	182870562	7927051	1836.0	612.0	715392	238464.0	anat,func
ds003592	sub-41	ses-2	3	0	0	182359924	0	1836.0	612.0	715392	238464.0	func
ds003592	sub-42	ses-1	3	1	0	189408975	8771919	1836.0	612.0	715392	238464.0	anat,func
ds003592	sub-42	ses-2	3	0	0	189734944	0	1836.0	612.0	715392	238464.0	func
ds003592	sub-43	ses-1	3	1	0	175764986	8664079	1836.0	612.0	715392	238464.0	anat,func
ds003592	sub-43	ses-2	3	0	0	176535571	0	1836.0	612.0	715392	238464.0	func
ds003592	sub-44	ses-1	3	1	0	187589480	8995571	1836.0	612.0	715392	238464.0	anat,func
ds003592	sub-44	ses-2	3	0	0	187111928	0	1836.0	612.0	715392	238464.0	func
ds003592	sub-45	ses-1	3	1	0	186254424	8618706	1836.0	612.0	715392	238464.0	anat,func
ds003592	sub-45	ses-2	3	0	0	185687538	0	1836.0	612.0	715392	238464.0	func
ds003592	sub-46	ses-1	3	1	0	193542818	9162841	1836.0	612.0	715392	238464.0	anat,func
ds003592	sub-46	ses-2	3	0	0	193066490	0	1836.0	612.0	715392	238464.0	func
ds003592	sub-47	ses-1	3	1	0	185262875	8148117	1836.0	612.0	715392	238464.0	anat,func
ds003592	sub-47	ses-2	3	0	0	184718987	0	1836.0	612.0	715392	238464.0	func
ds003592	sub-48	ses-1	3	1	0	198612561	9629926	1836.0	612.0	715392	238464.0	anat,func
ds003592	sub-48	ses-2	3	0	0	198154978	0	1836.0	612.0	715392	238464.0	func
ds003592	sub-49	ses-1	3	1	0	199977622	9932548	1836.0	612.0	715392	238464.0	anat,func
ds003592	sub-49	ses-2	3	0	0	199575563	0	1836.0	612.0	715392	238464.0	func
ds003592	sub-50	ses-1	3	1	0	205726371	11258259	1836.0	612.0	715392	238464.0	anat,func
ds003592	sub-50	ses-2	3	0	0	204008938	0	1836.0	612.0	715392	238464.0	func
ds003592	sub-51	ses-1	3	1	0	180233970	9148592	1836.0	612.0	715392	238464.0	anat,func
ds003592	sub-51	ses-2	3	0	0	180035975	0	1836.0	612.0	715392	238464.0	func
ds003592	sub-52	ses-1	3	1	0	187724480	9727276	1836.0	612.0	715392	238464.0	anat,func
ds003592	sub-52	ses-2	3	0	0	187207032	0	1836.0	612.0	715392	238464.0	func
ds003592	sub-53	ses-1	3	1	0	188333310	9111032	1836.0	612.0	715392	238464.0	anat,func
ds003592	sub-53	ses-2	3	0	0	187778513	0	1836.0	612.0	715392	238464.0	func
ds003592	sub-54	ses-1	3	1	0	188181824	9711046	1836.0	612.0	715392	238464.0	anat,func
ds003592	sub-54	ses-2	3	0	0	187206382	0	1836.0	612.0	715392	238464.0	func
ds003592	sub-55	ses-1	3	1	0	191069433	8421624	1836.0	612.0	715392	238464.0	anat,func
ds003592	sub-55	ses-2	3	0	0	190446557	0	1836.0	612.0	715392	238464.0	func
ds003592	sub-56	ses-1	3	1	0	184690277	8321597	1836.0	612.0	715392	238464.0	anat,func
ds003592	sub-56	ses-2	3	0	0	184325594	0	1836.0	612.0	715392	238464.0	func
ds003592	sub-57	ses-1	3	1	0	192693082	9609018	1836.0	612.0	715392	238464.0	anat,func
ds003592	sub-57	ses-2	3	0	0	191874003	0	1836.0	612.0	715392	238464.0	func
ds003592	sub-58	ses-1	3	1	0	198851854	10148951	1836.0	612.0	715392	238464.0	anat,func
ds003592	sub-58	ses-2	3	0	0	198520534	0	1836.0	612.0	715392	238464.0	func
ds003592	sub-59	ses-1	3	1	0	195829822	9525503	1836.0	612.0	715392	238464.0	anat,func
ds003592	sub-59	ses-2	3	0	0	195196654	0	1836.0	612.0	715392	238464.0	func
ds003592	sub-60	ses-1	3	1	0	192118923	8599252	1836.0	612.0	715392	238464.0	anat,func
ds003592	sub-60	ses-2	3	0	0	191532074	0	1836.0	612.0	715392	238464.0	func
ds003592	sub-61	ses-1	3	1	0	193999875	9804972	1836.0	612.0	715392	238464.0	anat,func
ds003592	sub-61	ses-2	3	0	0	194218578	0	1836.0	612.0	715392	238464.0	func
ds003592	sub-62	ses-1	3	1	0	206105314	11339862	1836.0	612.0	715392	238464.0	anat,func
ds003592	sub-62	ses-2	3	0	0	205700687	0	1836.0	612.0	715392	238464.0	func
ds003592	sub-63	ses-1	3	1	0	195104197	9524836	1836.0	612.0	715392	238464.0	anat,func
ds003592	sub-63	ses-2	3	0	0	195312350	0	1836.0	612.0	715392	238464.0	func
ds003592	sub-64	ses-1	3	1	0	194132089	9688934	1836.0	612.0	715392	238464.0	anat,func
ds003592	sub-64	ses-2	3	0	0	193572380	0	1836.0	612.0	715392	238464.0	func
ds003592	sub-65	ses-1	3	1	0	191359505	9694669	1836.0	612.0	715392	238464.0	anat,func
ds003592	sub-65	ses-2	3	0	0	190786837	0	1836.0	612.0	715392	238464.0	func
ds003592	sub-66	ses-1	3	1	0	203428623	10322487	1836.0	612.0	715392	238464.0	anat,func
ds003592	sub-66	ses-2	3	0	0	202770915	0	1836.0	612.0	715392	238464.0	func
ds003592	sub-67	ses-1	3	1	0	194858989	9715354	1836.0	612.0	715392	238464.0	anat,func
ds003592	sub-67	ses-2	3	0	0	194339087	0	1836.0	612.0	715392	238464.0	func
ds003592	sub-68	ses-1	3	1	0	194318112	9238246	1836.0	612.0	715392	238464.0	anat,func
ds003592	sub-68	ses-2	3	0	0	193498651	0	1836.0	612.0	715392	238464.0	func
ds003592	sub-69	ses-1	3	1	0	200651286	10253735	1836.0	612.0	715392	238464.0	anat,func
ds003592	sub-69	ses-2	3	0	0	200614385	0	1836.0	612.0	715392	238464.0	func
ds003592	sub-70	ses-1	3	1	0	191477023	8955604	1836.0	612.0	715392	238464.0	anat,func
ds003592	sub-70	ses-2	3	0	0	190777185	0	1836.0	612.0	715392	238464.0	func
ds003592	sub-71	ses-1	3	1	0	199755897	10608849	1836.0	612.0	715392	238464.0	anat,func
ds003592	sub-71	ses-2	3	0	0	199268862	0	1836.0	612.0	715392	238464.0	func
ds003592	sub-72	ses-1	3	1	0	193108863	9002638	1836.0	612.0	715392	238464.0	anat,func
ds003592	sub-72	ses-2	3	0	0	192667893	0	1836.0	612.0	715392	238464.0	func
ds003592	sub-73	ses-1	3	1	0	192983792	9220354	1836.0	612.0	715392	238464.0	anat,func
ds003592	sub-73	ses-2	3	0	0	192416393	0	1836.0	612.0	715392	238464.0	func
ds003592	sub-74	ses-1	3	1	0	177771954	8499389	1836.0	612.0	715392	238464.0	anat,func
ds003592	sub-74	ses-2	3	0	0	176849764	0	1836.0	612.0	715392	238464.0	func
ds003592	sub-75	ses-1	3	1	0	200676959	9847264	1836.0	612.0	715392	238464.0	anat,func
ds003592	sub-75	ses-2	3	0	0	200544409	0	1836.0	612.0	715392	238464.0	func
ds003592	sub-76	ses-1	3	1	0	178605585	7972609	1836.0	612.0	715392	238464.0	anat,func
ds003592	sub-76	ses-2	3	0	0	178120731	0	1836.0	612.0	715392	238464.0	func
ds003592	sub-77	ses-1	3	1	0	192825070	9611857	1836.0	612.0	715392	238464.0	anat,func
ds003592	sub-77	ses-2	3	0	0	192812614	0	1836.0	612.0	715392	238464.0	func
ds003592	sub-78	ses-1	3	1	0	193665050	9259268	1836.0	612.0	715392	238464.0	anat,func
ds003592	sub-78	ses-2	3	0	0	193127710	0	1836.0	612.0	715392	238464.0	func
ds003592	sub-79	ses-1	3	1	0	199237977	10739624	1836.0	612.0	715392	238464.0	anat,func
ds003592	sub-79	ses-2	3	0	0	198838155	0	1836.0	612.0	715392	238464.0	func
ds003592	sub-80	ses-1	3	1	0	195231465	10214176	1836.0	612.0	715392	238464.0	anat,func
ds003592	sub-80	ses-2	3	0	0	193233393	0	1836.0	612.0	715392	238464.0	func
ds003592	sub-81	ses-1	3	1	0	187295623	9281565	1836.0	612.0	715392	238464.0	anat,func
ds003592	sub-81	ses-2	3	0	0	186732764	0	1836.0	612.0	715392	238464.0	func
ds003592	sub-82	ses-1	3	1	0	190631333	8356951	1836.0	612.0	715392	238464.0	anat,func
ds003592	sub-82	ses-2	3	0	0	189772658	0	1836.0	612.0	715392	238464.0	func
ds003592	sub-83	ses-1	3	1	0	201139120	10239751	1836.0	612.0	715392	238464.0	anat,func
ds003592	sub-83	ses-2	3	0	0	200705377	0	1836.0	612.0	715392	238464.0	func
ds003592	sub-84	ses-1	3	1	0	195734502	8971465	1836.0	612.0	715392	238464.0	anat,func
ds003592	sub-84	ses-2	3	0	0	195540257	0	1836.0	612.0	715392	238464.0	func
ds003592	sub-85	ses-1	3	1	0	196934492	9813542	1836.0	612.0	715392	238464.0	anat,func
ds003592	sub-85	ses-2	3	0	0	197485272	0	1836.0	612.0	715392	238464.0	func
ds003592	sub-86	ses-1	3	1	0	194579794	9440557	1836.0	612.0	715392	238464.0	anat,func
ds003592	sub-86	ses-2	3	0	0	193984437	0	1836.0	612.0	715392	238464.0	func
ds003592	sub-87	ses-1	3	1	0	190708094	9069899	1836.0	612.0	715392	238464.0	anat,func
ds003592	sub-87	ses-2	3	0	0	190391527	0	1836.0	612.0	715392	238464.0	func
ds003592	sub-88	ses-1	3	1	0	198124587	9174219	1836.0	612.0	715392	238464.0	anat,func
ds003592	sub-88	ses-2	3	0	0	197491236	0	1836.0	612.0	715392	238464.0	func
ds003592	sub-89	ses-1	3	1	0	190975786	8133311	1836.0	612.0	715392	238464.0	anat,func
ds003592	sub-89	ses-2	3	0	0	190113778	0	1836.0	612.0	715392	238464.0	func
ds003592	sub-90	ses-1	3	1	0	198676490	9347611	1836.0	612.0	715392	238464.0	anat,func
ds003592	sub-90	ses-2	3	0	0	198338743	0	1836.0	612.0	715392	238464.0	func
ds003592	sub-91	ses-1	3	1	0	198288656	9061690	1836.0	612.0	715392	238464.0	anat,func
ds003592	sub-91	ses-2	3	0	0	197496153	0	1836.0	612.0	715392	238464.0	func
ds003592	sub-92	ses-1	3	1	0	195009062	8651201	1836.0	612.0	715392	238464.0	anat,func
ds003592	sub-92	ses-2	3	0	0	194672087	0	1836.0	612.0	715392	238464.0	func
ds003592	sub-93	ses-1	3	1	0	193489167	9122447	1836.0	612.0	715392	238464.0	anat,func
ds003592	sub-93	ses-2	3	0	0	193302656	0	1836.0	612.0	715392	238464.0	func
ds003592	sub-94	ses-1	3	1	0	194189509	8786671	1836.0	612.0	715392	238464.0	anat,func
ds003592	sub-94	ses-2	3	0	0	193941865	0	1836.0	612.0	715392	238464.0	func
ds003592	sub-95	ses-1	3	1	0	189402914	8531394	1836.0	612.0	715392	238464.0	anat,func
ds003592	sub-95	ses-2	3	0	0	188969536	0	1836.0	612.0	715392	238464.0	func
ds003592	sub-96	ses-1	3	1	0	194066135	9300657	1836.0	612.0	715392	238464.0	anat,func
ds003592	sub-96	ses-2	3	0	0	194166826	0	1836.0	612.0	715392	238464.0	func
ds003592	sub-97	ses-1	3	1	0	206714131	10240205	1836.0	612.0	715392	238464.0	anat,func
ds003592	sub-97	ses-2	3	0	0	206149674	0	1836.0	612.0	715392	238464.0	func
ds003592	sub-98	ses-1	3	1	0	197808570	9536735	1836.0	612.0	715392	238464.0	anat,func
ds003592	sub-98	ses-2	3	0	0	198211464	0	1836.0	612.0	715392	238464.0	func
ds003592	sub-99	ses-1	3	1	0	189071649	8835306	1836.0	612.0	715392	238464.0	anat,func
ds003592	sub-99	ses-2	3	0	0	188678628	0	1836.0	612.0	715392	238464.0	func
