source_id	derivative_id	subject_id	session_id	output_num	output_size	nifti_num	nifti_size	html_num
ds003592	MRIQC-24.0.2	sub-01	ses-1	4	0	0	0	0
ds003592	MRIQC-24.0.2	sub-01	ses-2	3	0	0	0	0
ds003592	MRIQC-24.0.2	sub-02	ses-1	4	0	0	0	0
ds003592	MRIQC-24.0.2	sub-02	ses-2	3	0	0	0	0
ds003592	MRIQC-24.0.2	sub-03	ses-1	4	0	0	0	0
ds003592	MRIQC-24.0.2	sub-03	ses-2	3	0	0	0	0
ds003592	MRIQC-24.0.2	sub-04	ses-1	4	0	0	0	0
ds003592	MRIQC-24.0.2	sub-04	ses-2	3	0	0	0	0
ds003592	MRIQC-24.0.2	sub-05	ses-1	4	0	0	0	0
ds003592	MRIQC-24.0.2	sub-05	ses-2	3	0	0	0	0
ds003592	MRIQC-24.0.2	sub-06	ses-1	4	0	0	0	0
ds003592	MRIQC-24.0.2	sub-06	ses-2	3	0	0	0	0
ds003592	MRIQC-24.0.2	sub-07	ses-1	4	0	0	0	0
ds003592	MRIQC-24.0.2	sub-07	ses-2	3	0	0	0	0
ds003592	MRIQC-24.0.2	sub-08	ses-1	4	0	0	0	0
ds003592	MRIQC-24.0.2	sub-08	ses-2	3	0	0	0	0
ds003592	MRIQC-24.0.2	sub-09	ses-1	4	0	0	0	0
ds003592	MRIQC-24.0.2	sub-09	ses-2	3	0	0	0	0
ds003592	MRIQC-24.0.2	sub-10	ses-1	4	0	0	0	0
ds003592	MRIQC-24.0.2	sub-10	ses-2	3	0	0	0	0
ds003592	MRIQC-24.0.2	sub-100	ses-1	4	0	0	0	0
ds003592	MRIQC-24.0.2	sub-100	ses-2	3	0	0	0	0
ds003592	MRIQC-24.0.2	sub-101	ses-1	4	0	0	0	0
ds003592	MRIQC-24.0.2	sub-101	ses-2	3	0	0	0	0
ds003592	MRIQC-24.0.2	sub-102	ses-1	4	0	0	0	0
ds003592	MRIQC-24.0.2	sub-102	ses-2	3	0	0	0	0
ds003592	MRIQC-24.0.2	sub-103	ses-1	4	0	0	0	0
ds003592	MRIQC-24.0.2	sub-103	ses-2	3	0	0	0	0
ds003592	MRIQC-24.0.2	sub-104	ses-1	4	0	0	0	0
ds003592	MRIQC-24.0.2	sub-104	ses-2	3	0	0	0	0
ds003592	MRIQC-24.0.2	sub-105	ses-1	4	0	0	0	0
ds003592	MRIQC-24.0.2	sub-105	ses-2	3	0	0	0	0
ds003592	MRIQC-24.0.2	sub-106	ses-1	4	0	0	0	0
ds003592	MRIQC-24.0.2	sub-106	ses-2	3	0	0	0	0
ds003592	MRIQC-24.0.2	sub-107	ses-1	4	0	0	0	0
ds003592	MRIQC-24.0.2	sub-107	ses-2	3	0	0	0	0
ds003592	MRIQC-24.0.2	sub-108	ses-1	4	0	0	0	0
ds003592	MRIQC-24.0.2	sub-108	ses-2	3	0	0	0	0
ds003592	MRIQC-24.0.2	sub-109	ses-1	4	0	0	0	0
ds003592	MRIQC-24.0.2	sub-109	ses-2	3	0	0	0	0
ds003592	MRIQC-24.0.2	sub-11	ses-1	4	0	0	0	0
ds003592	MRIQC-24.0.2	sub-11	ses-2	3	0	0	0	0
ds003592	MRIQC-24.0.2	sub-110	ses-1	4	0	0	0	0
ds003592	MRIQC-24.0.2	sub-110	ses-2	3	0	0	0	0
ds003592	MRIQC-24.0.2	sub-111	ses-1	4	0	0	0	0
ds003592	MRIQC-24.0.2	sub-111	ses-2	3	0	0	0	0
ds003592	MRIQC-24.0.2	sub-112	ses-1	4	0	0	0	0
ds003592	MRIQC-24.0.2	sub-112	ses-2	3	0	0	0	0
ds003592	MRIQC-24.0.2	sub-113	ses-1	4	0	0	0	0
ds003592	MRIQC-24.0.2	sub-113	ses-2	3	0	0	0	0
ds003592	MRIQC-24.0.2	sub-114	ses-1	4	0	0	0	0
ds003592	MRIQC-24.0.2	sub-114	ses-2	3	0	0	0	0
ds003592	MRIQC-24.0.2	sub-115	ses-1	4	0	0	0	0
ds003592	MRIQC-24.0.2	sub-115	ses-2	3	0	0	0	0
ds003592	MRIQC-24.0.2	sub-116	ses-1	4	0	0	0	0
ds003592	MRIQC-24.0.2	sub-116	ses-2	3	0	0	0	0
ds003592	MRIQC-24.0.2	sub-117	ses-1	4	0	0	0	0
ds003592	MRIQC-24.0.2	sub-117	ses-2	3	0	0	0	0
ds003592	MRIQC-24.0.2	sub-118	ses-1	4	0	0	0	0
ds003592	MRIQC-24.0.2	sub-118	ses-2	3	0	0	0	0
ds003592	MRIQC-24.0.2	sub-119	ses-1	4	0	0	0	0
ds003592	MRIQC-24.0.2	sub-119	ses-2	3	0	0	0	0
ds003592	MRIQC-24.0.2	sub-12	ses-1	4	0	0	0	0
ds003592	MRIQC-24.0.2	sub-12	ses-2	3	0	0	0	0
ds003592	MRIQC-24.0.2	sub-120	ses-1	4	0	0	0	0
ds003592	MRIQC-24.0.2	sub-120	ses-2	3	0	0	0	0
ds003592	MRIQC-24.0.2	sub-121	ses-1	4	0	0	0	0
ds003592	MRIQC-24.0.2	sub-121	ses-2	3	0	0	0	0
ds003592	MRIQC-24.0.2	sub-122	ses-1	4	0	0	0	0
ds003592	MRIQC-24.0.2	sub-122	ses-2	3	0	0	0	0
ds003592	MRIQC-24.0.2	sub-123	ses-1	4	0	0	0	0
ds003592	MRIQC-24.0.2	sub-123	ses-2	3	0	0	0	0
ds003592	MRIQC-24.0.2	sub-124	ses-1	4	0	0	0	0
ds003592	MRIQC-24.0.2	sub-124	ses-2	3	0	0	0	0
ds003592	MRIQC-24.0.2	sub-125	ses-1	4	0	0	0	0
ds003592	MRIQC-24.0.2	sub-125	ses-2	3	0	0	0	0
ds003592	MRIQC-24.0.2	sub-126	ses-1	4	0	0	0	0
ds003592	MRIQC-24.0.2	sub-126	ses-2	3	0	0	0	0
ds003592	MRIQC-24.0.2	sub-127	ses-1	4	0	0	0	0
ds003592	MRIQC-24.0.2	sub-127	ses-2	3	0	0	0	0
ds003592	MRIQC-24.0.2	sub-128	ses-1	4	0	0	0	0
ds003592	MRIQC-24.0.2	sub-128	ses-2	3	0	0	0	0
ds003592	MRIQC-24.0.2	sub-129	ses-1	4	0	0	0	0
ds003592	MRIQC-24.0.2	sub-129	ses-2	3	0	0	0	0
ds003592	MRIQC-24.0.2	sub-13	ses-1	4	0	0	0	0
ds003592	MRIQC-24.0.2	sub-13	ses-2	3	0	0	0	0
ds003592	MRIQC-24.0.2	sub-130	ses-1	4	0	0	0	0
ds003592	MRIQC-24.0.2	sub-130	ses-2	3	0	0	0	0
ds003592	MRIQC-24.0.2	sub-131	ses-1	4	0	0	0	0
ds003592	MRIQC-24.0.2	sub-131	ses-2	3	0	0	0	0
ds003592	MRIQC-24.0.2	sub-132	ses-1	4	0	0	0	0
ds003592	MRIQC-24.0.2	sub-132	ses-2	3	0	0	0	0
ds003592	MRIQC-24.0.2	sub-133	ses-1	4	0	0	0	0
ds003592	MRIQC-24.0.2	sub-133	ses-2	3	0	0	0	0
ds003592	MRIQC-24.0.2	sub-134	ses-1	4	0	0	0	0
ds003592	MRIQC-24.0.2	sub-134	ses-2	3	0	0	0	0
ds003592	MRIQC-24.0.2	sub-135	ses-1	4	0	0	0	0
ds003592	MRIQC-24.0.2	sub-135	ses-2	3	0	0	0	0
ds003592	MRIQC-24.0.2	sub-136	ses-1	4	0	0	0	0
ds003592	MRIQC-24.0.2	sub-136	ses-2	3	0	0	0	0
ds003592	MRIQC-24.0.2	sub-137	ses-1	4	0	0	0	0
ds003592	MRIQC-24.0.2	sub-137	ses-2	3	0	0	0	0
ds003592	MRIQC-24.0.2	sub-138	ses-1	4	0	0	0	0
ds003592	MRIQC-24.0.2	sub-138	ses-2	3	0	0	0	0
ds003592	MRIQC-24.0.2	sub-139	ses-1	4	0	0	0	0
ds003592	MRIQC-24.0.2	sub-139	ses-2	3	0	0	0	0
ds003592	MRIQC-24.0.2	sub-14	ses-1	4	0	0	0	0
ds003592	MRIQC-24.0.2	sub-14	ses-2	3	0	0	0	0
ds003592	MRIQC-24.0.2	sub-140	ses-1	4	0	0	0	0
ds003592	MRIQC-24.0.2	sub-140	ses-2	3	0	0	0	0
ds003592	MRIQC-24.0.2	sub-141	ses-1	4	0	0	0	0
ds003592	MRIQC-24.0.2	sub-141	ses-2	3	0	0	0	0
ds003592	MRIQC-24.0.2	sub-142	ses-1	4	0	0	0	0
ds003592	MRIQC-24.0.2	sub-142	ses-2	3	0	0	0	0
ds003592	MRIQC-24.0.2	sub-143	ses-1	4	0	0	0	0
ds003592	MRIQC-24.0.2	sub-143	ses-2	3	0	0	0	0
ds003592	MRIQC-24.0.2	sub-144	ses-1	4	0	0	0	0
ds003592	MRIQC-24.0.2	sub-144	ses-2	3	0	0	0	0
ds003592	MRIQC-24.0.2	sub-145	ses-1	4	0	0	0	0
ds003592	MRIQC-24.0.2	sub-145	ses-2	3	0	0	0	0
ds003592	MRIQC-24.0.2	sub-146	ses-1	4	0	0	0	0
ds003592	MRIQC-24.0.2	sub-146	ses-2	3	0	0	0	0
ds003592	MRIQC-24.0.2	sub-147	ses-1	4	0	0	0	0
ds003592	MRIQC-24.0.2	sub-147	ses-2	3	0	0	0	0
ds003592	MRIQC-24.0.2	sub-148	ses-1	4	0	0	0	0
ds003592	MRIQC-24.0.2	sub-148	ses-2	3	0	0	0	0
ds003592	MRIQC-24.0.2	sub-149	ses-1	4	0	0	0	0
ds003592	MRIQC-24.0.2	sub-149	ses-2	3	0	0	0	0
ds003592	MRIQC-24.0.2	sub-15	ses-1	4	0	0	0	0
ds003592	MRIQC-24.0.2	sub-15	ses-2	3	0	0	0	0
ds003592	MRIQC-24.0.2	sub-150	ses-1	4	0	0	0	0
ds003592	MRIQC-24.0.2	sub-150	ses-2	3	0	0	0	0
ds003592	MRIQC-24.0.2	sub-151	ses-1	4	0	0	0	0
ds003592	MRIQC-24.0.2	sub-151	ses-2	3	0	0	0	0
ds003592	MRIQC-24.0.2	sub-152	ses-1	4	0	0	0	0
ds003592	MRIQC-24.0.2	sub-152	ses-2	3	0	0	0	0
ds003592	MRIQC-24.0.2	sub-153	ses-1	4	0	0	0	0
ds003592	MRIQC-24.0.2	sub-153	ses-2	3	0	0	0	0
ds003592	MRIQC-24.0.2	sub-154	ses-1	4	0	0	0	0
ds003592	MRIQC-24.0.2	sub-154	ses-2	3	0	0	0	0
ds003592	MRIQC-24.0.2	sub-155	ses-1	4	0	0	0	0
ds003592	MRIQC-24.0.2	sub-155	ses-2	3	0	0	0	0
ds003592	MRIQC-24.0.2	sub-156	ses-1	4	0	0	0	0
ds003592	MRIQC-24.0.2	sub-156	ses-2	3	0	0	0	0
ds003592	MRIQC-24.0.2	sub-157	ses-1	4	0	0	0	0
ds003592	MRIQC-24.0.2	sub-157	ses-2	3	0	0	0	0
ds003592	MRIQC-24.0.2	sub-158	ses-1	4	0	0	0	0
ds003592	MRIQC-24.0.2	sub-158	ses-2	3	0	0	0	0
ds003592	MRIQC-24.0.2	sub-159	ses-1	4	0	0	0	0
ds003592	MRIQC-24.0.2	sub-159	ses-2	3	0	0	0	0
ds003592	MRIQC-24.0.2	sub-16	ses-1	4	0	0	0	0
ds003592	MRIQC-24.0.2	sub-16	ses-2	3	0	0	0	0
ds003592	MRIQC-24.0.2	sub-160	ses-1	4	0	0	0	0
ds003592	MRIQC-24.0.2	sub-160	ses-2	3	0	0	0	0
ds003592	MRIQC-24.0.2	sub-161	ses-1	4	0	0	0	0
ds003592	MRIQC-24.0.2	sub-161	ses-2	3	0	0	0	0
ds003592	MRIQC-24.0.2	sub-162	ses-1	4	0	0	0	0
ds003592	MRIQC-24.0.2	sub-162	ses-2	3	0	0	0	0
ds003592	MRIQC-24.0.2	sub-163	ses-1	4	0	0	0	0
ds003592	MRIQC-24.0.2	sub-163	ses-2	3	0	0	0	0
ds003592	MRIQC-24.0.2	sub-164	ses-1	4	0	0	0	0
ds003592	MRIQC-24.0.2	sub-164	ses-2	3	0	0	0	0
ds003592	MRIQC-24.0.2	sub-165	ses-1	4	0	0	0	0
ds003592	MRIQC-24.0.2	sub-165	ses-2	3	0	0	0	0
ds003592	MRIQC-24.0.2	sub-166	ses-1	4	0	0	0	0
ds003592	MRIQC-24.0.2	sub-166	ses-2	3	0	0	0	0
ds003592	MRIQC-24.0.2	sub-167	ses-1	4	0	0	0	0
ds003592	MRIQC-24.0.2	sub-167	ses-2	3	0	0	0	0
ds003592	MRIQC-24.0.2	sub-168	ses-1	4	0	0	0	0
ds003592	MRIQC-24.0.2	sub-168	ses-2	3	0	0	0	0
ds003592	MRIQC-24.0.2	sub-169	ses-1	4	0	0	0	0
ds003592	MRIQC-24.0.2	sub-169	ses-2	3	0	0	0	0
ds003592	MRIQC-24.0.2	sub-17	ses-1	4	0	0	0	0
ds003592	MRIQC-24.0.2	sub-17	ses-2	3	0	0	0	0
ds003592	MRIQC-24.0.2	sub-170	ses-1	4	0	0	0	0
ds003592	MRIQC-24.0.2	sub-170	ses-2	3	0	0	0	0
ds003592	MRIQC-24.0.2	sub-171	ses-1	4	0	0	0	0
ds003592	MRIQC-24.0.2	sub-171	ses-2	3	0	0	0	0
ds003592	MRIQC-24.0.2	sub-172	ses-1	4	0	0	0	0
ds003592	MRIQC-24.0.2	sub-172	ses-2	3	0	0	0	0
ds003592	MRIQC-24.0.2	sub-173	ses-1	4	0	0	0	0
ds003592	MRIQC-24.0.2	sub-173	ses-2	3	0	0	0	0
ds003592	MRIQC-24.0.2	sub-174	ses-1	4	0	0	0	0
ds003592	MRIQC-24.0.2	sub-174	ses-2	3	0	0	0	0
ds003592	MRIQC-24.0.2	sub-175	ses-1	4	0	0	0	0
ds003592	MRIQC-24.0.2	sub-175	ses-2	3	0	0	0	0
ds003592	MRIQC-24.0.2	sub-176	ses-1	4	0	0	0	0
ds003592	MRIQC-24.0.2	sub-176	ses-2	3	0	0	0	0
ds003592	MRIQC-24.0.2	sub-177	ses-1	4	0	0	0	0
ds003592	MRIQC-24.0.2	sub-177	ses-2	3	0	0	0	0
ds003592	MRIQC-24.0.2	sub-178	ses-1	4	0	0	0	0
ds003592	MRIQC-24.0.2	sub-178	ses-2	3	0	0	0	0
ds003592	MRIQC-24.0.2	sub-179	ses-1	4	0	0	0	0
ds003592	MRIQC-24.0.2	sub-179	ses-2	3	0	0	0	0
ds003592	MRIQC-24.0.2	sub-18	ses-1	4	0	0	0	0
ds003592	MRIQC-24.0.2	sub-18	ses-2	3	0	0	0	0
ds003592	MRIQC-24.0.2	sub-180	ses-1	4	0	0	0	0
ds003592	MRIQC-24.0.2	sub-180	ses-2	3	0	0	0	0
ds003592	MRIQC-24.0.2	sub-181	ses-1	4	0	0	0	0
ds003592	MRIQC-24.0.2	sub-181	ses-2	3	0	0	0	0
ds003592	MRIQC-24.0.2	sub-182	ses-1	4	0	0	0	0
ds003592	MRIQC-24.0.2	sub-182	ses-2	3	0	0	0	0
ds003592	MRIQC-24.0.2	sub-183	ses-1	4	0	0	0	0
ds003592	MRIQC-24.0.2	sub-183	ses-2	3	0	0	0	0
ds003592	MRIQC-24.0.2	sub-184	ses-1	4	0	0	0	0
ds003592	MRIQC-24.0.2	sub-184	ses-2	3	0	0	0	0
ds003592	MRIQC-24.0.2	sub-185	ses-1	4	0	0	0	0
ds003592	MRIQC-24.0.2	sub-185	ses-2	3	0	0	0	0
ds003592	MRIQC-24.0.2	sub-186	ses-1	4	0	0	0	0
ds003592	MRIQC-24.0.2	sub-186	ses-2	3	0	0	0	0
ds003592	MRIQC-24.0.2	sub-187	ses-1	4	0	0	0	0
ds003592	MRIQC-24.0.2	sub-187	ses-2	3	0	0	0	0
ds003592	MRIQC-24.0.2	sub-188	ses-1	4	0	0	0	0
ds003592	MRIQC-24.0.2	sub-188	ses-2	3	0	0	0	0
ds003592	MRIQC-24.0.2	sub-189	ses-1	4	0	0	0	0
ds003592	MRIQC-24.0.2	sub-189	ses-2	3	0	0	0	0
ds003592	MRIQC-24.0.2	sub-19	ses-1	4	0	0	0	0
ds003592	MRIQC-24.0.2	sub-19	ses-2	3	0	0	0	0
ds003592	MRIQC-24.0.2	sub-190	ses-1	4	0	0	0	0
ds003592	MRIQC-24.0.2	sub-190	ses-2	3	0	0	0	0
ds003592	MRIQC-24.0.2	sub-191	ses-1	4	0	0	0	0
ds003592	MRIQC-24.0.2	sub-191	ses-2	3	0	0	0	0
ds003592	MRIQC-24.0.2	sub-192	ses-1	4	0	0	0	0
ds003592	MRIQC-24.0.2	sub-192	ses-2	3	0	0	0	0
ds003592	MRIQC-24.0.2	sub-193	ses-1	4	0	0	0	0
ds003592	MRIQC-24.0.2	sub-193	ses-2	3	0	0	0	0
ds003592	MRIQC-24.0.2	sub-194	ses-1	4	0	0	0	0
ds003592	MRIQC-24.0.2	sub-194	ses-2	3	0	0	0	0
ds003592	MRIQC-24.0.2	sub-195	ses-1	4	0	0	0	0
ds003592	MRIQC-24.0.2	sub-195	ses-2	3	0	0	0	0
ds003592	MRIQC-24.0.2	sub-196	ses-1	4	0	0	0	0
ds003592	MRIQC-24.0.2	sub-196	ses-2	3	0	0	0	0
ds003592	MRIQC-24.0.2	sub-197	ses-1	4	0	0	0	0
ds003592	MRIQC-24.0.2	sub-197	ses-2	3	0	0	0	0
ds003592	MRIQC-24.0.2	sub-198	ses-1	4	0	0	0	0
ds003592	MRIQC-24.0.2	sub-198	ses-2	3	0	0	0	0
ds003592	MRIQC-24.0.2	sub-199	ses-1	4	0	0	0	0
ds003592	MRIQC-24.0.2	sub-199	ses-2	3	0	0	0	0
ds003592	MRIQC-24.0.2	sub-20	ses-1	4	0	0	0	0
ds003592	MRIQC-24.0.2	sub-20	ses-2	3	0	0	0	0
ds003592	MRIQC-24.0.2	sub-200	ses-1	4	0	0	0	0
ds003592	MRIQC-24.0.2	sub-200	ses-2	3	0	0	0	0
ds003592	MRIQC-24.0.2	sub-201	ses-1	4	0	0	0	0
ds003592	MRIQC-24.0.2	sub-201	ses-2	3	0	0	0	0
ds003592	MRIQC-24.0.2	sub-202	ses-1	4	0	0	0	0
ds003592	MRIQC-24.0.2	sub-202	ses-2	3	0	0	0	0
ds003592	MRIQC-24.0.2	sub-203	ses-1	4	0	0	0	0
ds003592	MRIQC-24.0.2	sub-203	ses-2	3	0	0	0	0
ds003592	MRIQC-24.0.2	sub-204	ses-1	4	0	0	0	0
ds003592	MRIQC-24.0.2	sub-204	ses-2	3	0	0	0	0
ds003592	MRIQC-24.0.2	sub-205	ses-1	4	0	0	0	0
ds003592	MRIQC-24.0.2	sub-205	ses-2	3	0	0	0	0
ds003592	MRIQC-24.0.2	sub-206	ses-1	4	0	0	0	0
ds003592	MRIQC-24.0.2	sub-206	ses-2	3	0	0	0	0
ds003592	MRIQC-24.0.2	sub-207	ses-1	4	0	0	0	0
ds003592	MRIQC-24.0.2	sub-207	ses-2	3	0	0	0	0
ds003592	MRIQC-24.0.2	sub-208	ses-1	4	0	0	0	0
ds003592	MRIQC-24.0.2	sub-208	ses-2	3	0	0	0	0
ds003592	MRIQC-24.0.2	sub-209	ses-1	4	0	0	0	0
ds003592	MRIQC-24.0.2	sub-209	ses-2	3	0	0	0	0
ds003592	MRIQC-24.0.2	sub-21	ses-1	4	0	0	0	0
ds003592	MRIQC-24.0.2	sub-21	ses-2	3	0	0	0	0
ds003592	MRIQC-24.0.2	sub-210	ses-1	4	0	0	0	0
ds003592	MRIQC-24.0.2	sub-210	ses-2	3	0	0	0	0
ds003592	MRIQC-24.0.2	sub-211	ses-1	4	0	0	0	0
ds003592	MRIQC-24.0.2	sub-211	ses-2	3	0	0	0	0
ds003592	MRIQC-24.0.2	sub-212	ses-1	4	0	0	0	0
ds003592	MRIQC-24.0.2	sub-212	ses-2	3	0	0	0	0
ds003592	MRIQC-24.0.2	sub-213	ses-1	4	0	0	0	0
ds003592	MRIQC-24.0.2	sub-213	ses-2	3	0	0	0	0
ds003592	MRIQC-24.0.2	sub-214	ses-1	4	0	0	0	0
ds003592	MRIQC-24.0.2	sub-214	ses-2	3	0	0	0	0
ds003592	MRIQC-24.0.2	sub-215	ses-1	4	0	0	0	0
ds003592	MRIQC-24.0.2	sub-215	ses-2	3	0	0	0	0
ds003592	MRIQC-24.0.2	sub-216	ses-1	4	0	0	0	0
ds003592	MRIQC-24.0.2	sub-216	ses-2	3	0	0	0	0
ds003592	MRIQC-24.0.2	sub-217	ses-1	4	0	0	0	0
ds003592	MRIQC-24.0.2	sub-217	ses-2	3	0	0	0	0
ds003592	MRIQC-24.0.2	sub-218	ses-1	4	0	0	0	0
ds003592	MRIQC-24.0.2	sub-218	ses-2	3	0	0	0	0
ds003592	MRIQC-24.0.2	sub-219	ses-1	4	0	0	0	0
ds003592	MRIQC-24.0.2	sub-219	ses-2	3	0	0	0	0
ds003592	MRIQC-24.0.2	sub-22	ses-1	4	0	0	0	0
ds003592	MRIQC-24.0.2	sub-22	ses-2	3	0	0	0	0
ds003592	MRIQC-24.0.2	sub-220	ses-1	4	0	0	0	0
ds003592	MRIQC-24.0.2	sub-220	ses-2	3	0	0	0	0
ds003592	MRIQC-24.0.2	sub-221	ses-1	4	0	0	0	0
ds003592	MRIQC-24.0.2	sub-221	ses-2	3	0	0	0	0
ds003592	MRIQC-24.0.2	sub-222	ses-1	4	0	0	0	0
ds003592	MRIQC-24.0.2	sub-222	ses-2	3	0	0	0	0
ds003592	MRIQC-24.0.2	sub-223	ses-1	4	0	0	0	0
ds003592	MRIQC-24.0.2	sub-223	ses-2	3	0	0	0	0
ds003592	MRIQC-24.0.2	sub-224	ses-1	4	0	0	0	0
ds003592	MRIQC-24.0.2	sub-224	ses-2	3	0	0	0	0
ds003592	MRIQC-24.0.2	sub-225	ses-1	4	0	0	0	0
ds003592	MRIQC-24.0.2	sub-225	ses-2	3	0	0	0	0
ds003592	MRIQC-24.0.2	sub-226	ses-1	4	0	0	0	0
ds003592	MRIQC-24.0.2	sub-226	ses-2	3	0	0	0	0
ds003592	MRIQC-24.0.2	sub-227	ses-1	4	0	0	0	0
ds003592	MRIQC-24.0.2	sub-227	ses-2	3	0	0	0	0
ds003592	MRIQC-24.0.2	sub-228	ses-1	4	0	0	0	0
ds003592	MRIQC-24.0.2	sub-228	ses-2	3	0	0	0	0
ds003592	MRIQC-24.0.2	sub-229	ses-1	4	0	0	0	0
ds003592	MRIQC-24.0.2	sub-229	ses-2	3	0	0	0	0
ds003592	MRIQC-24.0.2	sub-23	ses-1	4	0	0	0	0
ds003592	MRIQC-24.0.2	sub-23	ses-2	3	0	0	0	0
ds003592	MRIQC-24.0.2	sub-230	ses-1	4	0	0	0	0
ds003592	MRIQC-24.0.2	sub-230	ses-2	3	0	0	0	0
ds003592	MRIQC-24.0.2	sub-231	ses-1	4	0	0	0	0
ds003592	MRIQC-24.0.2	sub-231	ses-2	3	0	0	0	0
ds003592	MRIQC-24.0.2	sub-232	ses-1	4	0	0	0	0
ds003592	MRIQC-24.0.2	sub-232	ses-2	3	0	0	0	0
ds003592	MRIQC-24.0.2	sub-233	ses-1	4	0	0	0	0
ds003592	MRIQC-24.0.2	sub-233	ses-2	3	0	0	0	0
ds003592	MRIQC-24.0.2	sub-234	ses-1	4	0	0	0	0
ds003592	MRIQC-24.0.2	sub-234	ses-2	3	0	0	0	0
ds003592	MRIQC-24.0.2	sub-235	ses-1	4	0	0	0	0
ds003592	MRIQC-24.0.2	sub-235	ses-2	3	0	0	0	0
ds003592	MRIQC-24.0.2	sub-236	ses-1	4	0	0	0	0
ds003592	MRIQC-24.0.2	sub-236	ses-2	3	0	0	0	0
ds003592	MRIQC-24.0.2	sub-237	ses-1	4	0	0	0	0
ds003592	MRIQC-24.0.2	sub-237	ses-2	3	0	0	0	0
ds003592	MRIQC-24.0.2	sub-238	ses-1	4	0	0	0	0
ds003592	MRIQC-24.0.2	sub-238	ses-2	3	0	0	0	0
ds003592	MRIQC-24.0.2	sub-239	ses-1	4	0	0	0	0
ds003592	MRIQC-24.0.2	sub-239	ses-2	3	0	0	0	0
ds003592	MRIQC-24.0.2	sub-24	ses-1	4	0	0	0	0
ds003592	MRIQC-24.0.2	sub-24	ses-2	3	0	0	0	0
ds003592	MRIQC-24.0.2	sub-240	ses-1	4	0	0	0	0
ds003592	MRIQC-24.0.2	sub-240	ses-2	3	0	0	0	0
ds003592	MRIQC-24.0.2	sub-241	ses-1	4	0	0	0	0
ds003592	MRIQC-24.0.2	sub-241	ses-2	3	0	0	0	0
ds003592	MRIQC-24.0.2	sub-242	ses-1	4	0	0	0	0
ds003592	MRIQC-24.0.2	sub-242	ses-2	3	0	0	0	0
ds003592	MRIQC-24.0.2	sub-243	ses-1	4	0	0	0	0
ds003592	MRIQC-24.0.2	sub-243	ses-2	3	0	0	0	0
ds003592	MRIQC-24.0.2	sub-244	ses-1	4	0	0	0	0
ds003592	MRIQC-24.0.2	sub-244	ses-2	3	0	0	0	0
ds003592	MRIQC-24.0.2	sub-245	ses-1	4	0	0	0	0
ds003592	MRIQC-24.0.2	sub-245	ses-2	3	0	0	0	0
ds003592	MRIQC-24.0.2	sub-246	ses-1	4	0	0	0	0
ds003592	MRIQC-24.0.2	sub-246	ses-2	3	0	0	0	0
ds003592	MRIQC-24.0.2	sub-247	ses-1	4	0	0	0	0
ds003592	MRIQC-24.0.2	sub-247	ses-2	3	0	0	0	0
ds003592	MRIQC-24.0.2	sub-248	ses-1	4	0	0	0	0
ds003592	MRIQC-24.0.2	sub-248	ses-2	3	0	0	0	0
ds003592	MRIQC-24.0.2	sub-249	ses-1	4	0	0	0	0
ds003592	MRIQC-24.0.2	sub-249	ses-2	3	0	0	0	0
ds003592	MRIQC-24.0.2	sub-25	ses-1	4	0	0	0	0
ds003592	MRIQC-24.0.2	sub-25	ses-2	3	0	0	0	0
ds003592	MRIQC-24.0.2	sub-250	ses-1	4	0	0	0	0
ds003592	MRIQC-24.0.2	sub-250	ses-2	3	0	0	0	0
ds003592	MRIQC-24.0.2	sub-251	ses-1	4	0	0	0	0
ds003592	MRIQC-24.0.2	sub-251	ses-2	3	0	0	0	0
ds003592	MRIQC-24.0.2	sub-252	ses-1	4	0	0	0	0
ds003592	MRIQC-24.0.2	sub-252	ses-2	3	0	0	0	0
ds003592	MRIQC-24.0.2	sub-253	ses-1	4	0	0	0	0
ds003592	MRIQC-24.0.2	sub-253	ses-2	3	0	0	0	0
ds003592	MRIQC-24.0.2	sub-254	ses-1	4	0	0	0	0
ds003592	MRIQC-24.0.2	sub-254	ses-2	3	0	0	0	0
ds003592	MRIQC-24.0.2	sub-255	ses-1	4	0	0	0	0
ds003592	MRIQC-24.0.2	sub-255	ses-2	3	0	0	0	0
ds003592	MRIQC-24.0.2	sub-256	ses-1	4	0	0	0	0
ds003592	MRIQC-24.0.2	sub-256	ses-2	3	0	0	0	0
ds003592	MRIQC-24.0.2	sub-257	ses-1	4	0	0	0	0
ds003592	MRIQC-24.0.2	sub-257	ses-2	3	0	0	0	0
ds003592	MRIQC-24.0.2	sub-258	ses-1	4	0	0	0	0
ds003592	MRIQC-24.0.2	sub-258	ses-2	3	0	0	0	0
ds003592	MRIQC-24.0.2	sub-259	ses-1	4	0	0	0	0
ds003592	MRIQC-24.0.2	sub-259	ses-2	3	0	0	0	0
ds003592	MRIQC-24.0.2	sub-26	ses-1	4	0	0	0	0
ds003592	MRIQC-24.0.2	sub-26	ses-2	3	0	0	0	0
ds003592	MRIQC-24.0.2	sub-260	ses-1	4	0	0	0	0
ds003592	MRIQC-24.0.2	sub-260	ses-2	3	0	0	0	0
ds003592	MRIQC-24.0.2	sub-261	ses-1	4	0	0	0	0
ds003592	MRIQC-24.0.2	sub-261	ses-2	3	0	0	0	0
ds003592	MRIQC-24.0.2	sub-262	ses-1	4	0	0	0	0
ds003592	MRIQC-24.0.2	sub-262	ses-2	3	0	0	0	0
ds003592	MRIQC-24.0.2	sub-263	ses-1	4	0	0	0	0
ds003592	MRIQC-24.0.2	sub-263	ses-2	3	0	0	0	0
ds003592	MRIQC-24.0.2	sub-264	ses-1	4	0	0	0	0
ds003592	MRIQC-24.0.2	sub-264	ses-2	3	0	0	0	0
ds003592	MRIQC-24.0.2	sub-265	ses-1	4	0	0	0	0
ds003592	MRIQC-24.0.2	sub-265	ses-2	3	0	0	0	0
ds003592	MRIQC-24.0.2	sub-266	ses-1	4	0	0	0	0
ds003592	MRIQC-24.0.2	sub-266	ses-2	3	0	0	0	0
ds003592	MRIQC-24.0.2	sub-267	ses-1	4	0	0	0	0
ds003592	MRIQC-24.0.2	sub-267	ses-2	3	0	0	0	0
ds003592	MRIQC-24.0.2	sub-268	ses-1	4	0	0	0	0
ds003592	MRIQC-24.0.2	sub-268	ses-2	3	0	0	0	0
ds003592	MRIQC-24.0.2	sub-269	ses-1	4	0	0	0	0
ds003592	MRIQC-24.0.2	sub-269	ses-2	3	0	0	0	0
ds003592	MRIQC-24.0.2	sub-27	ses-1	4	0	0	0	0
ds003592	MRIQC-24.0.2	sub-27	ses-2	3	0	0	0	0
ds003592	MRIQC-24.0.2	sub-270	ses-1	4	0	0	0	0
ds003592	MRIQC-24.0.2	sub-270	ses-2	3	0	0	0	0
ds003592	MRIQC-24.0.2	sub-271	ses-1	4	0	0	0	0
ds003592	MRIQC-24.0.2	sub-271	ses-2	3	0	0	0	0
ds003592	MRIQC-24.0.2	sub-272	ses-1	4	0	0	0	0
ds003592	MRIQC-24.0.2	sub-272	ses-2	3	0	0	0	0
ds003592	MRIQC-24.0.2	sub-273	ses-1	4	0	0	0	0
ds003592	MRIQC-24.0.2	sub-273	ses-2	3	0	0	0	0
ds003592	MRIQC-24.0.2	sub-274	ses-1	4	0	0	0	0
ds003592	MRIQC-24.0.2	sub-274	ses-2	3	0	0	0	0
ds003592	MRIQC-24.0.2	sub-275	ses-1	4	0	0	0	0
ds003592	MRIQC-24.0.2	sub-275	ses-2	3	0	0	0	0
ds003592	MRIQC-24.0.2	sub-276	ses-1	4	0	0	0	0
ds003592	MRIQC-24.0.2	sub-276	ses-2	3	0	0	0	0
ds003592	MRIQC-24.0.2	sub-277	ses-1	4	0	0	0	0
ds003592	MRIQC-24.0.2	sub-277	ses-2	3	0	0	0	0
ds003592	MRIQC-24.0.2	sub-278	ses-1	4	0	0	0	0
ds003592	MRIQC-24.0.2	sub-278	ses-2	3	0	0	0	0
ds003592	MRIQC-24.0.2	sub-279	ses-1	4	0	0	0	0
ds003592	MRIQC-24.0.2	sub-279	ses-2	3	0	0	0	0
ds003592	MRIQC-24.0.2	sub-28	ses-1	4	0	0	0	0
ds003592	MRIQC-24.0.2	sub-28	ses-2	3	0	0	0	0
ds003592	MRIQC-24.0.2	sub-280	ses-1	4	0	0	0	0
ds003592	MRIQC-24.0.2	sub-280	ses-2	3	0	0	0	0
ds003592	MRIQC-24.0.2	sub-281	ses-1	4	0	0	0	0
ds003592	MRIQC-24.0.2	sub-281	ses-2	3	0	0	0	0
ds003592	MRIQC-24.0.2	sub-282	ses-1	4	0	0	0	0
ds003592	MRIQC-24.0.2	sub-282	ses-2	3	0	0	0	0
ds003592	MRIQC-24.0.2	sub-283	ses-1	4	0	0	0	0
ds003592	MRIQC-24.0.2	sub-283	ses-2	3	0	0	0	0
ds003592	MRIQC-24.0.2	sub-284	ses-1	4	0	0	0	0
ds003592	MRIQC-24.0.2	sub-284	ses-2	3	0	0	0	0
ds003592	MRIQC-24.0.2	sub-285	ses-1	4	0	0	0	0
ds003592	MRIQC-24.0.2	sub-285	ses-2	3	0	0	0	0
ds003592	MRIQC-24.0.2	sub-286	ses-1	4	0	0	0	0
ds003592	MRIQC-24.0.2	sub-286	ses-2	3	0	0	0	0
ds003592	MRIQC-24.0.2	sub-287	ses-1	4	0	0	0	0
ds003592	MRIQC-24.0.2	sub-287	ses-2	3	0	0	0	0
ds003592	MRIQC-24.0.2	sub-288	ses-1	4	0	0	0	0
ds003592	MRIQC-24.0.2	sub-288	ses-2	3	0	0	0	0
ds003592	MRIQC-24.0.2	sub-289	ses-1	4	0	0	0	0
ds003592	MRIQC-24.0.2	sub-289	ses-2	3	0	0	0	0
ds003592	MRIQC-24.0.2	sub-29	ses-1	4	0	0	0	0
ds003592	MRIQC-24.0.2	sub-29	ses-2	3	0	0	0	0
ds003592	MRIQC-24.0.2	sub-290	ses-1	4	0	0	0	0
ds003592	MRIQC-24.0.2	sub-290	ses-2	3	0	0	0	0
ds003592	MRIQC-24.0.2	sub-291	ses-1	4	0	0	0	0
ds003592	MRIQC-24.0.2	sub-291	ses-2	3	0	0	0	0
ds003592	MRIQC-24.0.2	sub-292	ses-1	4	0	0	0	0
ds003592	MRIQC-24.0.2	sub-292	ses-2	3	0	0	0	0
ds003592	MRIQC-24.0.2	sub-293	ses-1	4	0	0	0	0
ds003592	MRIQC-24.0.2	sub-293	ses-2	3	0	0	0	0
ds003592	MRIQC-24.0.2	sub-294	ses-1	4	0	0	0	0
ds003592	MRIQC-24.0.2	sub-294	ses-2	3	0	0	0	0
ds003592	MRIQC-24.0.2	sub-295	ses-1	4	0	0	0	0
ds003592	MRIQC-24.0.2	sub-295	ses-2	3	0	0	0	0
ds003592	MRIQC-24.0.2	sub-296	ses-1	4	0	0	0	0
ds003592	MRIQC-24.0.2	sub-296	ses-2	3	0	0	0	0
ds003592	MRIQC-24.0.2	sub-297	ses-1	4	0	0	0	0
ds003592	MRIQC-24.0.2	sub-297	ses-2	3	0	0	0	0
ds003592	MRIQC-24.0.2	sub-298	ses-1	4	0	0	0	0
ds003592	MRIQC-24.0.2	sub-298	ses-2	3	0	0	0	0
ds003592	MRIQC-24.0.2	sub-299	ses-1	4	0	0	0	0
ds003592	MRIQC-24.0.2	sub-299	ses-2	3	0	0	0	0
ds003592	MRIQC-24.0.2	sub-30	ses-1	4	0	0	0	0
ds003592	MRIQC-24.0.2	sub-30	ses-2	3	0	0	0	0
ds003592	MRIQC-24.0.2	sub-300	ses-1	4	0	0	0	0
ds003592	MRIQC-24.0.2	sub-300	ses-2	3	0	0	0	0
ds003592	MRIQC-24.0.2	sub-301	ses-1	4	0	0	0	0
ds003592	MRIQC-24.0.2	sub-301	ses-2	3	0	0	0	0
ds003592	MRIQC-24.0.2	sub-31	ses-1	4	0	0	0	0
ds003592	MRIQC-24.0.2	sub-31	ses-2	3	0	0	0	0
ds003592	MRIQC-24.0.2	sub-32	ses-1	4	0	0	0	0
ds003592	MRIQC-24.0.2	sub-32	ses-2	3	0	0	0	0
ds003592	MRIQC-24.0.2	sub-33	ses-1	4	0	0	0	0
ds003592	MRIQC-24.0.2	sub-33	ses-2	3	0	0	0	0
ds003592	MRIQC-24.0.2	sub-34	ses-1	4	0	0	0	0
ds003592	MRIQC-24.0.2	sub-34	ses-2	3	0	0	0	0
ds003592	MRIQC-24.0.2	sub-35	ses-1	4	0	0	0	0
ds003592	MRIQC-24.0.2	sub-35	ses-2	3	0	0	0	0
ds003592	MRIQC-24.0.2	sub-36	ses-1	4	0	0	0	0
ds003592	MRIQC-24.0.2	sub-36	ses-2	3	0	0	0	0
ds003592	MRIQC-24.0.2	sub-37	ses-1	4	0	0	0	0
ds003592	MRIQC-24.0.2	sub-37	ses-2	3	0	0	0	0
ds003592	MRIQC-24.0.2	sub-38	ses-1	4	0	0	0	0
ds003592	MRIQC-24.0.2	sub-38	ses-2	3	0	0	0	0
ds003592	MRIQC-24.0.2	sub-39	ses-1	4	0	0	0	0
ds003592	MRIQC-24.0.2	sub-39	ses-2	3	0	0	0	0
ds003592	MRIQC-24.0.2	sub-40	ses-1	4	0	0	0	0
ds003592	MRIQC-24.0.2	sub-40	ses-2	3	0	0	0	0
ds003592	MRIQC-24.0.2	sub-41	ses-1	4	0	0	0	0
ds003592	MRIQC-24.0.2	sub-41	ses-2	3	0	0	0	0
ds003592	MRIQC-24.0.2	sub-42	ses-1	4	0	0	0	0
ds003592	MRIQC-24.0.2	sub-42	ses-2	3	0	0	0	0
ds003592	MRIQC-24.0.2	sub-43	ses-1	4	0	0	0	0
ds003592	MRIQC-24.0.2	sub-43	ses-2	3	0	0	0	0
ds003592	MRIQC-24.0.2	sub-44	ses-1	4	0	0	0	0
ds003592	MRIQC-24.0.2	sub-44	ses-2	3	0	0	0	0
ds003592	MRIQC-24.0.2	sub-45	ses-1	4	0	0	0	0
ds003592	MRIQC-24.0.2	sub-45	ses-2	3	0	0	0	0
ds003592	MRIQC-24.0.2	sub-46	ses-1	4	0	0	0	0
ds003592	MRIQC-24.0.2	sub-46	ses-2	3	0	0	0	0
ds003592	MRIQC-24.0.2	sub-47	ses-1	4	0	0	0	0
ds003592	MRIQC-24.0.2	sub-47	ses-2	3	0	0	0	0
ds003592	MRIQC-24.0.2	sub-48	ses-1	4	0	0	0	0
ds003592	MRIQC-24.0.2	sub-48	ses-2	3	0	0	0	0
ds003592	MRIQC-24.0.2	sub-49	ses-1	4	0	0	0	0
ds003592	MRIQC-24.0.2	sub-49	ses-2	3	0	0	0	0
ds003592	MRIQC-24.0.2	sub-50	ses-1	4	0	0	0	0
ds003592	MRIQC-24.0.2	sub-50	ses-2	3	0	0	0	0
ds003592	MRIQC-24.0.2	sub-51	ses-1	4	0	0	0	0
ds003592	MRIQC-24.0.2	sub-51	ses-2	3	0	0	0	0
ds003592	MRIQC-24.0.2	sub-52	ses-1	4	0	0	0	0
ds003592	MRIQC-24.0.2	sub-52	ses-2	3	0	0	0	0
ds003592	MRIQC-24.0.2	sub-53	ses-1	4	0	0	0	0
ds003592	MRIQC-24.0.2	sub-53	ses-2	3	0	0	0	0
ds003592	MRIQC-24.0.2	sub-54	ses-1	4	0	0	0	0
ds003592	MRIQC-24.0.2	sub-54	ses-2	3	0	0	0	0
ds003592	MRIQC-24.0.2	sub-55	ses-1	4	0	0	0	0
ds003592	MRIQC-24.0.2	sub-55	ses-2	3	0	0	0	0
ds003592	MRIQC-24.0.2	sub-56	ses-1	4	0	0	0	0
ds003592	MRIQC-24.0.2	sub-56	ses-2	3	0	0	0	0
ds003592	MRIQC-24.0.2	sub-57	ses-1	4	0	0	0	0
ds003592	MRIQC-24.0.2	sub-57	ses-2	3	0	0	0	0
ds003592	MRIQC-24.0.2	sub-58	ses-1	4	0	0	0	0
ds003592	MRIQC-24.0.2	sub-58	ses-2	3	0	0	0	0
ds003592	MRIQC-24.0.2	sub-59	ses-1	4	0	0	0	0
ds003592	MRIQC-24.0.2	sub-59	ses-2	3	0	0	0	0
ds003592	MRIQC-24.0.2	sub-60	ses-1	4	0	0	0	0
ds003592	MRIQC-24.0.2	sub-60	ses-2	3	0	0	0	0
ds003592	MRIQC-24.0.2	sub-61	ses-1	4	0	0	0	0
ds003592	MRIQC-24.0.2	sub-61	ses-2	3	0	0	0	0
ds003592	MRIQC-24.0.2	sub-62	ses-1	4	0	0	0	0
ds003592	MRIQC-24.0.2	sub-62	ses-2	3	0	0	0	0
ds003592	MRIQC-24.0.2	sub-63	ses-1	4	0	0	0	0
ds003592	MRIQC-24.0.2	sub-63	ses-2	3	0	0	0	0
ds003592	MRIQC-24.0.2	sub-64	ses-1	4	0	0	0	0
ds003592	MRIQC-24.0.2	sub-64	ses-2	3	0	0	0	0
ds003592	MRIQC-24.0.2	sub-65	ses-1	4	0	0	0	0
ds003592	MRIQC-24.0.2	sub-65	ses-2	3	0	0	0	0
ds003592	MRIQC-24.0.2	sub-66	ses-1	4	0	0	0	0
ds003592	MRIQC-24.0.2	sub-66	ses-2	3	0	0	0	0
ds003592	MRIQC-24.0.2	sub-67	ses-1	4	0	0	0	0
ds003592	MRIQC-24.0.2	sub-67	ses-2	3	0	0	0	0
ds003592	MRIQC-24.0.2	sub-68	ses-1	4	0	0	0	0
ds003592	MRIQC-24.0.2	sub-68	ses-2	3	0	0	0	0
ds003592	MRIQC-24.0.2	sub-69	ses-1	4	0	0	0	0
ds003592	MRIQC-24.0.2	sub-69	ses-2	3	0	0	0	0
ds003592	MRIQC-24.0.2	sub-70	ses-1	4	0	0	0	0
ds003592	MRIQC-24.0.2	sub-70	ses-2	3	0	0	0	0
ds003592	MRIQC-24.0.2	sub-71	ses-1	4	0	0	0	0
ds003592	MRIQC-24.0.2	sub-71	ses-2	3	0	0	0	0
ds003592	MRIQC-24.0.2	sub-72	ses-1	4	0	0	0	0
ds003592	MRIQC-24.0.2	sub-72	ses-2	3	0	0	0	0
ds003592	MRIQC-24.0.2	sub-73	ses-1	4	0	0	0	0
ds003592	MRIQC-24.0.2	sub-73	ses-2	3	0	0	0	0
ds003592	MRIQC-24.0.2	sub-74	ses-1	4	0	0	0	0
ds003592	MRIQC-24.0.2	sub-74	ses-2	3	0	0	0	0
ds003592	MRIQC-24.0.2	sub-75	ses-1	4	0	0	0	0
ds003592	MRIQC-24.0.2	sub-75	ses-2	3	0	0	0	0
ds003592	MRIQC-24.0.2	sub-76	ses-1	4	0	0	0	0
ds003592	MRIQC-24.0.2	sub-76	ses-2	3	0	0	0	0
ds003592	MRIQC-24.0.2	sub-77	ses-1	4	0	0	0	0
ds003592	MRIQC-24.0.2	sub-77	ses-2	3	0	0	0	0
ds003592	MRIQC-24.0.2	sub-78	ses-1	4	0	0	0	0
ds003592	MRIQC-24.0.2	sub-78	ses-2	3	0	0	0	0
ds003592	MRIQC-24.0.2	sub-79	ses-1	4	0	0	0	0
ds003592	MRIQC-24.0.2	sub-79	ses-2	3	0	0	0	0
ds003592	MRIQC-24.0.2	sub-80	ses-1	4	0	0	0	0
ds003592	MRIQC-24.0.2	sub-80	ses-2	3	0	0	0	0
ds003592	MRIQC-24.0.2	sub-81	ses-1	4	0	0	0	0
ds003592	MRIQC-24.0.2	sub-81	ses-2	3	0	0	0	0
ds003592	MRIQC-24.0.2	sub-82	ses-1	4	0	0	0	0
ds003592	MRIQC-24.0.2	sub-82	ses-2	3	0	0	0	0
ds003592	MRIQC-24.0.2	sub-83	ses-1	4	0	0	0	0
ds003592	MRIQC-24.0.2	sub-83	ses-2	3	0	0	0	0
ds003592	MRIQC-24.0.2	sub-84	ses-1	4	0	0	0	0
ds003592	MRIQC-24.0.2	sub-84	ses-2	3	0	0	0	0
ds003592	MRIQC-24.0.2	sub-85	ses-1	4	0	0	0	0
ds003592	MRIQC-24.0.2	sub-85	ses-2	3	0	0	0	0
ds003592	MRIQC-24.0.2	sub-86	ses-1	4	0	0	0	0
ds003592	MRIQC-24.0.2	sub-86	ses-2	3	0	0	0	0
ds003592	MRIQC-24.0.2	sub-87	ses-1	4	0	0	0	0
ds003592	MRIQC-24.0.2	sub-87	ses-2	3	0	0	0	0
ds003592	MRIQC-24.0.2	sub-88	ses-1	4	0	0	0	0
ds003592	MRIQC-24.0.2	sub-88	ses-2	3	0	0	0	0
ds003592	MRIQC-24.0.2	sub-89	ses-1	4	0	0	0	0
ds003592	MRIQC-24.0.2	sub-89	ses-2	3	0	0	0	0
ds003592	MRIQC-24.0.2	sub-90	ses-1	4	0	0	0	0
ds003592	MRIQC-24.0.2	sub-90	ses-2	3	0	0	0	0
ds003592	MRIQC-24.0.2	sub-91	ses-1	4	0	0	0	0
ds003592	MRIQC-24.0.2	sub-91	ses-2	3	0	0	0	0
ds003592	MRIQC-24.0.2	sub-92	ses-1	4	0	0	0	0
ds003592	MRIQC-24.0.2	sub-92	ses-2	3	0	0	0	0
ds003592	MRIQC-24.0.2	sub-93	ses-1	4	0	0	0	0
ds003592	MRIQC-24.0.2	sub-93	ses-2	3	0	0	0	0
ds003592	MRIQC-24.0.2	sub-94	ses-1	4	0	0	0	0
ds003592	MRIQC-24.0.2	sub-94	ses-2	3	0	0	0	0
ds003592	MRIQC-24.0.2	sub-95	ses-1	4	0	0	0	0
ds003592	MRIQC-24.0.2	sub-95	ses-2	3	0	0	0	0
ds003592	MRIQC-24.0.2	sub-96	ses-1	4	0	0	0	0
ds003592	MRIQC-24.0.2	sub-96	ses-2	3	0	0	0	0
ds003592	MRIQC-24.0.2	sub-97	ses-1	4	0	0	0	0
ds003592	MRIQC-24.0.2	sub-97	ses-2	3	0	0	0	0
ds003592	MRIQC-24.0.2	sub-98	ses-1	4	0	0	0	0
ds003592	MRIQC-24.0.2	sub-98	ses-2	3	0	0	0	0
ds003592	MRIQC-24.0.2	sub-99	ses-1	4	0	0	0	0
ds003592	MRIQC-24.0.2	sub-99	ses-2	3	0	0	0	0
